"Mass","Class"
351.0569,"Lignin-like"
323.0984,"Carbohydrate-like"
355.0882,"Carbohydrate-like"
341.1089,"Carbohydrate-like"
327.0358,"Lignin-like"
329.0514,"Lignin-like"
315.0722,"Lignin-like"
365.0725,"Lignin-like"
315.1198,"Aliphatic+N"
353.1089,"Carbohydrate-like"
371.1017,"Carbohydrate-like"
403.0916,"Carbohydrate-like"
321.0252,"Aromatic"
337.0201,"Aromatic"
353.015,"Aromatic"
323.0409,"Lignin-like"
339.0358,"Lignin-like"
355.0307,"Lignin-like"
325.0565,"Lignin-like"
341.0514,"Lignin-like"
357.0463,"Lignin-like"
373.0412,"Lignin-like"
311.0772,"Lignin-like"
327.0722,"Lignin-like"
343.0671,"Lignin-like"
359.062,"Lignin-like"
382.1004,"Lignin-like"
313.0929,"Lignin-like"
329.0878,"Lignin-like"
345.0827,"Lignin-like"
409.0446,"Lignin-like"
331.1035,"Lignin-like"
347.0984,"Lignin-like"
363.0933,"Lignin-like"
342.1307,"Aliphatic+N"
358.1256,"Aliphatic+N"
333.1191,"Carbohydrate-like"
365.1089,"Carbohydrate-like"
381.1038,"Carbohydrate-like"
413.0759,"Carbohydrate-like"
345.1303,"Aliphatic+N"
364.1249,"Carbohydrate-like"
312.1565,"Aliphatic+N"
328.1514,"Aliphatic+N"
367.1246,"Carbohydrate-like"
383.1195,"Carbohydrate-like"
359.1572,"Aliphatic+N"
330.1671,"Aliphatic+N"
346.162,"Aliphatic+N"
337.1326,"Aliphatic-noN"
385.1174,"Carbohydrate-like"
417.1072,"Carbohydrate-like"
433.1021,"Carbohydrate-like"
345.178,"Aliphatic+N"
316.1878,"Aliphatic+N"
331.0096,"Condensed Ar"
333.0252,"Aromatic"
349.0201,"Aromatic"
365.015,"Aromatic"
381.0099,"Aromatic"
319.0459,"Aromatic"
335.0409,"Aromatic"
351.0358,"Lignin-like"
367.0307,"Lignin-like"
383.0256,"Lignin-like"
399.0205,"Lignin-like"
321.0616,"Lignin-like"
337.0565,"Lignin-like"
353.0514,"Lignin-like"
369.0463,"Lignin-like"
385.0412,"Lignin-like"
323.0772,"Lignin-like"
339.0722,"Lignin-like"
355.0671,"Lignin-like"
371.062,"Lignin-like"
387.0569,"Lignin-like"
403.0518,"Lignin-like"
354.0831,"Lignin-like"
325.0929,"Lignin-like"
341.0878,"Lignin-like"
357.0827,"Lignin-like"
373.0776,"Lignin-like"
389.0725,"Lignin-like"
311.1136,"Lignin-like"
327.1085,"Lignin-like"
343.1035,"Lignin-like"
359.0984,"Lignin-like"
375.0933,"Lignin-like"
391.0882,"Lignin-like"
439.0552,"Lignin-like"
354.1307,"Lignin-like"
313.1293,"Lignin-like"
329.1242,"Lignin-like"
345.1191,"Lignin-like"
361.114,"Lignin-like"
377.1089,"Lignin-like"
393.1038,"Lignin-like"
409.0988,"Lignin-like"
385.1365,"Lignin-like"
340.1514,"Aliphatic+N"
356.1463,"Aliphatic+N"
372.1412,"Aliphatic+N"
384.1525,"Aliphatic+N"
315.1449,"Aliphatic-noN"
331.1398,"Aliphatic-noN"
347.1348,"Carbohydrate-like"
379.1246,"Carbohydrate-like"
395.1195,"Carbohydrate-like"
411.1144,"Carbohydrate-like"
427.1093,"Carbohydrate-like"
343.1511,"Aliphatic+N"
359.146,"Aliphatic+N"
355.1623,"Aliphatic+N"
371.1572,"Aliphatic+N"
387.1521,"Aliphatic+N"
326.1721,"Aliphatic+N"
342.1671,"Aliphatic+N"
358.162,"Aliphatic+N"
374.1569,"Aliphatic+N"
365.1453,"Carbohydrate-like"
381.1402,"Carbohydrate-like"
397.1351,"Carbohydrate-like"
413.1301,"Carbohydrate-like"
429.125,"Carbohydrate-like"
341.183,"Aliphatic+N"
357.178,"Aliphatic+N"
373.1729,"Aliphatic+N"
380.1562,"Carbohydrate-like"
444.1181,"Carbohydrate-like"
441.128,"Carbohydrate-like"
328.1878,"Aliphatic+N"
344.1827,"Aliphatic+N"
360.1776,"Aliphatic+N"
372.1889,"Aliphatic+N"
335.1711,"Aliphatic-noN"
399.133,"Carbohydrate-like"
431.1229,"Carbohydrate-like"
343.1987,"Aliphatic+N"
359.1936,"Aliphatic+N"
375.1885,"Aliphatic+N"
314.2085,"Aliphatic+N"
330.2034,"Aliphatic+N"
343.0096,"Condensed Ar"
359.0045,"Condensed Ar"
374.9994,"Condensed Ar"
329.0303,"Condensed Ar"
345.0252,"Aromatic"
361.0201,"Aromatic"
377.015,"Aromatic"
393.0099,"Aromatic"
331.0459,"Aromatic"
347.0409,"Aromatic"
363.0358,"Aromatic"
379.0307,"Aromatic"
395.0256,"Lignin-like"
411.0205,"Lignin-like"
362.0518,"Aromatic"
317.0667,"Aromatic"
333.0616,"Lignin-like"
349.0565,"Lignin-like"
365.0514,"Lignin-like"
381.0463,"Lignin-like"
397.0412,"Lignin-like"
413.0362,"Lignin-like"
348.0725,"Lignin-like"
364.0674,"Lignin-like"
380.0623,"Lignin-like"
319.0823,"Lignin-like"
335.0772,"Lignin-like"
351.0722,"Lignin-like"
367.0671,"Lignin-like"
383.062,"Lignin-like"
399.0569,"Lignin-like"
415.0518,"Lignin-like"
350.0881,"Lignin-like"
366.0831,"Lignin-like"
382.078,"Lignin-like"
321.098,"Lignin-like"
337.0929,"Lignin-like"
353.0878,"Lignin-like"
369.0827,"Lignin-like"
385.0776,"Lignin-like"
401.0725,"Lignin-like"
417.0675,"Lignin-like"
365.099,"Lignin-like"
352.1038,"Lignin-like"
368.0987,"Lignin-like"
384.0936,"Lignin-like"
323.1136,"Lignin-like"
339.1085,"Lignin-like"
355.1035,"Lignin-like"
371.0984,"Lignin-like"
387.0933,"Lignin-like"
403.0882,"Lignin-like"
325.1293,"Lignin-like"
341.1242,"Lignin-like"
357.1191,"Lignin-like"
373.114,"Lignin-like"
389.1089,"Lignin-like"
405.1038,"Lignin-like"
352.1514,"Lignin-like"
368.1463,"Lignin-like"
384.1412,"Lignin-like"
400.1362,"Lignin-like"
311.15,"Aliphatic-noN"
327.1449,"Aliphatic-noN"
343.1398,"Aliphatic-noN"
359.1348,"Aliphatic-noN"
375.1297,"Carbohydrate-like"
407.1195,"Carbohydrate-like"
423.1144,"Carbohydrate-like"
387.1409,"Aliphatic+N"
383.1572,"Aliphatic+N"
399.1521,"Aliphatic+N"
451.1123,"Carbohydrate-like"
338.1721,"Aliphatic+N"
354.1671,"Aliphatic+N"
370.162,"Aliphatic+N"
386.1569,"Aliphatic+N"
402.1518,"Aliphatic+N"
313.1657,"Aliphatic-noN"
329.1606,"Aliphatic-noN"
345.1555,"Aliphatic-noN"
361.1504,"Aliphatic-noN"
377.1453,"Carbohydrate-like"
393.1402,"Carbohydrate-like"
409.1351,"Carbohydrate-like"
425.1301,"Carbohydrate-like"
441.125,"Carbohydrate-like"
357.1667,"Aliphatic+N"
405.1515,"Carbohydrate-like"
369.178,"Aliphatic+N"
385.1729,"Aliphatic+N"
401.1678,"Aliphatic+N"
340.1878,"Aliphatic+N"
356.1827,"Aliphatic+N"
372.1776,"Aliphatic+N"
388.1725,"Aliphatic+N"
315.1813,"Aliphatic-noN"
331.1762,"Aliphatic-noN"
347.1711,"Aliphatic-noN"
363.1661,"Aliphatic-noN"
379.161,"Carbohydrate-like"
411.133,"Carbohydrate-like"
427.1457,"Carbohydrate-like"
355.1987,"Aliphatic+N"
371.1936,"Aliphatic+N"
387.1885,"Aliphatic+N"
403.1834,"Aliphatic+N"
326.2085,"Aliphatic+N"
358.1984,"Aliphatic+N"
349.1868,"Aliphatic-noN"
365.1817,"Aliphatic-noN"
381.1766,"Carbohydrate-like"
357.2143,"Aliphatic+N"
373.2093,"Aliphatic+N"
389.2042,"Aliphatic+N"
328.2242,"Aliphatic+N"
344.2191,"Aliphatic+N"
376.1912,"Aliphatic+N"
337.2054,"Aliphatic-noN"
353.2003,"Aliphatic-noN"
371.0045,"Condensed Ar"
386.9994,"Condensed Ar"
402.9943,"Condensed Ar"
341.0303,"Condensed Ar"
357.0252,"Condensed Ar"
373.0201,"Condensed Ar"
389.015,"Aromatic"
405.0099,"Aromatic"
327.051,"Aromatic"
343.0459,"Aromatic"
359.0409,"Aromatic"
375.0358,"Aromatic"
391.0307,"Aromatic"
407.0256,"Aromatic"
423.0205,"Aromatic"
329.0667,"Aromatic"
345.0616,"Aromatic"
361.0565,"Aromatic"
377.0514,"Lignin-like"
393.0463,"Lignin-like"
409.0412,"Lignin-like"
425.0362,"Lignin-like"
441.0311,"Lignin-like"
360.0725,"Aromatic"
376.0674,"Aromatic"
392.0623,"Lignin-like"
331.0823,"Lignin-like"
347.0772,"Lignin-like"
363.0722,"Lignin-like"
379.0671,"Lignin-like"
395.062,"Lignin-like"
411.0569,"Lignin-like"
427.0518,"Lignin-like"
362.0881,"Lignin-like"
378.0831,"Lignin-like"
394.078,"Lignin-like"
410.0729,"Lignin-like"
333.098,"Lignin-like"
349.0929,"Lignin-like"
365.0878,"Lignin-like"
381.0827,"Lignin-like"
397.0776,"Lignin-like"
413.0725,"Lignin-like"
429.0675,"Lignin-like"
364.1038,"Lignin-like"
380.0987,"Lignin-like"
396.0936,"Lignin-like"
319.1187,"Lignin-like"
335.1136,"Lignin-like"
351.1085,"Lignin-like"
367.1035,"Lignin-like"
383.0984,"Lignin-like"
399.0933,"Lignin-like"
415.0882,"Lignin-like"
431.0831,"Lignin-like"
395.1096,"Lignin-like"
366.1194,"Lignin-like"
398.1093,"Lignin-like"
414.1042,"Lignin-like"
378.1307,"Lignin-like"
321.1344,"Lignin-like"
337.1293,"Lignin-like"
353.1242,"Lignin-like"
369.1191,"Lignin-like"
385.114,"Lignin-like"
401.1089,"Lignin-like"
417.1038,"Lignin-like"
433.0988,"Lignin-like"
349.1405,"Lignin-like"
384.13,"Lignin-like"
380.1463,"Lignin-like"
396.1412,"Lignin-like"
323.15,"Lignin-like"
339.1449,"Lignin-like"
355.1398,"Lignin-like"
371.1348,"Lignin-like"
387.1297,"Lignin-like"
403.1246,"Lignin-like"
419.1195,"Lignin-like"
435.1144,"Lignin-like"
395.1572,"Lignin-like"
334.1772,"Lignin-like"
350.1721,"Lignin-like"
366.1671,"Lignin-like"
382.162,"Lignin-like"
398.1569,"Lignin-like"
309.1707,"Aliphatic-noN"
325.1657,"Aliphatic-noN"
341.1606,"Aliphatic-noN"
357.1555,"Aliphatic-noN"
373.1504,"Aliphatic-noN"
389.1453,"Aliphatic-noN"
405.1402,"Carbohydrate-like"
421.1351,"Carbohydrate-like"
437.1301,"Carbohydrate-like"
453.125,"Carbohydrate-like"
469.1199,"Carbohydrate-like"
397.1729,"Aliphatic+N"
413.1678,"Aliphatic+N"
465.128,"Carbohydrate-like"
368.1827,"Aliphatic+N"
384.1776,"Aliphatic+N"
400.1725,"Aliphatic+N"
416.1675,"Aliphatic+N"
412.1838,"Aliphatic+N"
508.1355,"Carbohydrate-like"
311.1686,"Aliphatic-noN"
327.1813,"Aliphatic-noN"
343.1762,"Aliphatic-noN"
359.1711,"Aliphatic-noN"
375.1661,"Aliphatic-noN"
391.161,"Aliphatic-noN"
423.1508,"Carbohydrate-like"
439.1457,"Carbohydrate-like"
455.1406,"Carbohydrate-like"
471.1355,"Carbohydrate-like"
383.1936,"Aliphatic+N"
399.1885,"Aliphatic+N"
415.1834,"Aliphatic+N"
354.2034,"Aliphatic+N"
370.1984,"Aliphatic+N"
386.1933,"Aliphatic+N"
402.1882,"Aliphatic+N"
430.1943,"Aliphatic+N"
329.197,"Aliphatic-noN"
345.1919,"Aliphatic-noN"
361.1868,"Aliphatic-noN"
377.1817,"Aliphatic-noN"
393.1766,"Aliphatic-noN"
441.1614,"Carbohydrate-like"
457.1563,"Carbohydrate-like"
369.2143,"Aliphatic+N"
385.2093,"Aliphatic+N"
401.2042,"Aliphatic+N"
417.1991,"Aliphatic+N"
340.2242,"Aliphatic+N"
372.214,"Aliphatic+N"
400.2202,"Aliphatic+N"
416.2151,"Aliphatic+N"
331.2126,"Aliphatic-noN"
347.2075,"Aliphatic-noN"
395.1923,"Aliphatic-noN"
371.23,"Aliphatic+N"
387.2249,"Aliphatic+N"
403.2198,"Aliphatic+N"
342.2398,"Aliphatic+N"
383.0045,"Condensed Ar"
398.9994,"Condensed Ar"
353.0303,"Condensed Ar"
369.0252,"Condensed Ar"
385.0201,"Condensed Ar"
401.015,"Condensed Ar"
417.0099,"Condensed Ar"
433.0049,"Aromatic"
339.051,"Aromatic"
355.0459,"Aromatic"
371.0409,"Aromatic"
387.0358,"Aromatic"
403.0307,"Aromatic"
419.0256,"Aromatic"
435.0205,"Aromatic"
451.0154,"Aromatic"
386.0518,"Aromatic"
402.0467,"Aromatic"
341.0667,"Aromatic"
357.0616,"Aromatic"
373.0565,"Aromatic"
389.0514,"Aromatic"
405.0463,"Aromatic"
421.0412,"Lignin-like"
437.0362,"Lignin-like"
453.0311,"Lignin-like"
372.0725,"Aromatic"
388.0674,"Aromatic"
404.0623,"Aromatic"
327.0874,"Aromatic"
343.0823,"Aromatic"
359.0772,"Lignin-like"
375.0722,"Lignin-like"
391.0671,"Lignin-like"
407.062,"Lignin-like"
423.0569,"Lignin-like"
439.0518,"Lignin-like"
455.0467,"Lignin-like"
374.0881,"Lignin-like"
390.0831,"Lignin-like"
406.078,"Lignin-like"
329.1031,"Lignin-like"
345.098,"Lignin-like"
361.0929,"Lignin-like"
377.0878,"Lignin-like"
393.0827,"Lignin-like"
409.0776,"Lignin-like"
425.0725,"Lignin-like"
441.0675,"Lignin-like"
457.0624,"Lignin-like"
376.1038,"Lignin-like"
392.0987,"Lignin-like"
408.0936,"Lignin-like"
424.0885,"Lignin-like"
331.1187,"Lignin-like"
347.1136,"Lignin-like"
363.1085,"Lignin-like"
379.1035,"Lignin-like"
395.0984,"Lignin-like"
411.0933,"Lignin-like"
427.0882,"Lignin-like"
443.0831,"Lignin-like"
459.078,"Lignin-like"
394.1144,"Lignin-like"
410.1093,"Lignin-like"
317.1394,"Lignin-like"
333.1344,"Lignin-like"
349.1293,"Lignin-like"
365.1242,"Lignin-like"
381.1191,"Lignin-like"
397.114,"Lignin-like"
413.1089,"Lignin-like"
429.1038,"Lignin-like"
445.0988,"Lignin-like"
461.0937,"Lignin-like"
377.1354,"Lignin-like"
376.1514,"Lignin-like"
392.1463,"Lignin-like"
335.15,"Lignin-like"
351.1449,"Lignin-like"
367.1398,"Lignin-like"
383.1348,"Lignin-like"
399.1297,"Lignin-like"
415.1246,"Lignin-like"
431.1195,"Lignin-like"
447.1144,"Lignin-like"
463.1093,"Lignin-like"
363.1562,"Lignin-like"
378.1671,"Lignin-like"
394.162,"Lignin-like"
321.1707,"Lignin-like"
337.1657,"Lignin-like"
353.1606,"Lignin-like"
369.1555,"Lignin-like"
385.1504,"Lignin-like"
401.1453,"Lignin-like"
417.1402,"Lignin-like"
433.1351,"Lignin-like"
449.1301,"Lignin-like"
465.125,"Lignin-like"
497.1148,"Lignin-like"
364.1878,"Aliphatic+N"
380.1827,"Aliphatic+N"
412.1725,"Aliphatic+N"
323.1864,"Aliphatic-noN"
339.1813,"Aliphatic-noN"
355.1762,"Aliphatic-noN"
371.1711,"Aliphatic-noN"
387.1661,"Aliphatic-noN"
403.161,"Aliphatic-noN"
419.1559,"Carbohydrate-like"
467.1406,"Carbohydrate-like"
483.1355,"Carbohydrate-like"
499.1305,"Carbohydrate-like"
411.1885,"Aliphatic+N"
427.1834,"Aliphatic+N"
382.1984,"Aliphatic+N"
398.1933,"Aliphatic+N"
414.1882,"Aliphatic+N"
430.1831,"Aliphatic+N"
442.1943,"Aliphatic+N"
325.1843,"Aliphatic-noN"
325.202,"Aliphatic-noN"
341.197,"Aliphatic-noN"
357.1919,"Aliphatic-noN"
373.1868,"Aliphatic-noN"
389.1817,"Aliphatic-noN"
405.1766,"Aliphatic-noN"
437.1664,"Carbohydrate-like"
453.1614,"Carbohydrate-like"
469.1563,"Carbohydrate-like"
485.1512,"Carbohydrate-like"
501.1461,"Carbohydrate-like"
517.141,"Carbohydrate-like"
397.2093,"Aliphatic+N"
413.2042,"Aliphatic+N"
429.1991,"Aliphatic+N"
384.214,"Aliphatic+N"
400.2089,"Aliphatic+N"
412.2202,"Aliphatic+N"
428.2151,"Aliphatic+N"
444.21,"Aliphatic+N"
327.2177,"Aliphatic-noN"
343.2126,"Aliphatic-noN"
359.2075,"Aliphatic-noN"
375.2024,"Aliphatic-noN"
391.1974,"Aliphatic-noN"
407.1923,"Aliphatic-noN"
423.1872,"Carbohydrate-like"
455.177,"Carbohydrate-like"
471.1719,"Carbohydrate-like"
503.1618,"Carbohydrate-like"
383.23,"Aliphatic+N"
399.2249,"Aliphatic+N"
415.2198,"Aliphatic+N"
431.2147,"Aliphatic+N"
414.2358,"Aliphatic+N"
430.2307,"Aliphatic+N"
329.2333,"Aliphatic-noN"
345.2283,"Aliphatic-noN"
361.2232,"Aliphatic-noN"
377.2181,"Aliphatic-noN"
393.213,"Aliphatic-noN"
385.2456,"Aliphatic+N"
401.2406,"Aliphatic+N"
417.2355,"Aliphatic+N"
356.2555,"Aliphatic+N"
283.2643,"Aliphatic-noN"
331.249,"Aliphatic-noN"
347.2439,"Aliphatic-noN"
363.2388,"Aliphatic-noN"
379.2337,"Aliphatic-noN"
411.2058,"Aliphatic-noN"
381.2316,"Aliphatic-noN"
397.2265,"Aliphatic-noN"
365.0303,"Condensed Ar"
381.0252,"Condensed Ar"
397.0201,"Condensed Ar"
413.015,"Condensed Ar"
429.0099,"Condensed Ar"
367.0459,"Condensed Ar"
383.0409,"Aromatic"
399.0358,"Aromatic"
415.0307,"Aromatic"
431.0256,"Aromatic"
447.0205,"Aromatic"
353.0667,"Aromatic"
369.0616,"Aromatic"
385.0565,"Aromatic"
401.0514,"Aromatic"
417.0463,"Aromatic"
433.0412,"Aromatic"
449.0362,"Aromatic"
465.0311,"Lignin-like"
400.0674,"Aromatic"
355.0823,"Aromatic"
371.0772,"Aromatic"
387.0722,"Aromatic"
403.0671,"Lignin-like"
419.062,"Lignin-like"
435.0569,"Lignin-like"
451.0518,"Lignin-like"
467.0467,"Lignin-like"
386.0881,"Aromatic"
402.0831,"Aromatic"
418.078,"Lignin-like"
341.1031,"Lignin-like"
357.098,"Lignin-like"
373.0929,"Lignin-like"
389.0878,"Lignin-like"
405.0827,"Lignin-like"
421.0776,"Lignin-like"
437.0725,"Lignin-like"
453.0675,"Lignin-like"
469.0624,"Lignin-like"
485.0573,"Lignin-like"
388.1038,"Lignin-like"
404.0987,"Lignin-like"
420.0936,"Lignin-like"
343.1187,"Lignin-like"
359.1136,"Lignin-like"
375.1085,"Lignin-like"
391.1035,"Lignin-like"
407.0984,"Lignin-like"
423.0933,"Lignin-like"
439.0882,"Lignin-like"
455.0831,"Lignin-like"
471.078,"Lignin-like"
487.0729,"Lignin-like"
390.1194,"Lignin-like"
406.1144,"Lignin-like"
422.1093,"Lignin-like"
329.1394,"Lignin-like"
345.1344,"Lignin-like"
361.1293,"Lignin-like"
377.1242,"Lignin-like"
393.1191,"Lignin-like"
409.114,"Lignin-like"
425.1089,"Lignin-like"
441.1038,"Lignin-like"
457.0988,"Lignin-like"
473.0937,"Lignin-like"
331.1551,"Lignin-like"
347.15,"Lignin-like"
363.1449,"Lignin-like"
379.1398,"Lignin-like"
395.1348,"Lignin-like"
411.1297,"Lignin-like"
427.1246,"Lignin-like"
443.1195,"Lignin-like"
459.1144,"Lignin-like"
374.1721,"Lignin-like"
390.1671,"Lignin-like"
406.162,"Lignin-like"
333.1707,"Lignin-like"
349.1657,"Lignin-like"
365.1606,"Lignin-like"
381.1555,"Lignin-like"
397.1504,"Lignin-like"
413.1453,"Lignin-like"
429.1402,"Lignin-like"
445.1351,"Lignin-like"
461.1301,"Lignin-like"
477.125,"Lignin-like"
392.1827,"Lignin-like"
408.1776,"Lignin-like"
335.1864,"Lignin-like"
351.1813,"Lignin-like"
367.1762,"Lignin-like"
383.1711,"Lignin-like"
399.1661,"Lignin-like"
415.161,"Lignin-like"
431.1559,"Lignin-like"
447.1508,"Lignin-like"
378.2034,"Aliphatic+N"
394.1984,"Aliphatic+N"
474.1729,"Aliphatic+N"
353.197,"Aliphatic-noN"
369.1919,"Aliphatic-noN"
385.1868,"Aliphatic-noN"
401.1817,"Aliphatic-noN"
417.1766,"Aliphatic-noN"
497.1512,"Carbohydrate-like"
513.1461,"Carbohydrate-like"
477.1726,"Carbohydrate-like"
425.2042,"Aliphatic+N"
441.1991,"Aliphatic+N"
396.214,"Aliphatic+N"
492.1835,"Carbohydrate-like"
508.1784,"Carbohydrate-like"
456.21,"Aliphatic+N"
339.1999,"Aliphatic-noN"
355.2126,"Aliphatic-noN"
371.2075,"Aliphatic-noN"
387.2024,"Aliphatic-noN"
403.1974,"Aliphatic-noN"
483.1719,"Carbohydrate-like"
499.1668,"Carbohydrate-like"
515.1618,"Carbohydrate-like"
411.2249,"Aliphatic+N"
427.2198,"Aliphatic+N"
443.2147,"Aliphatic+N"
442.2307,"Aliphatic+N"
458.2256,"Aliphatic+N"
357.2283,"Aliphatic-noN"
373.2232,"Aliphatic-noN"
389.2181,"Aliphatic-noN"
405.213,"Aliphatic-noN"
485.1876,"Carbohydrate-like"
397.2456,"Aliphatic+N"
413.2406,"Aliphatic+N"
429.2355,"Aliphatic+N"
445.2304,"Aliphatic+N"
428.2515,"Aliphatic+N"
444.2464,"Aliphatic+N"
359.2439,"Aliphatic-noN"
375.2388,"Aliphatic-noN"
391.2337,"Aliphatic-noN"
399.2613,"Aliphatic+N"
415.2562,"Aliphatic+N"
431.2511,"Aliphatic+N"
395.2473,"Aliphatic-noN"
393.0252,"Condensed Ar"
409.0201,"Condensed Ar"
425.015,"Condensed Ar"
441.0099,"Condensed Ar"
363.051,"Condensed Ar"
379.0459,"Condensed Ar"
395.0409,"Condensed Ar"
411.0358,"Condensed Ar"
427.0307,"Aromatic"
443.0256,"Aromatic"
459.0205,"Aromatic"
365.0667,"Aromatic"
381.0616,"Aromatic"
397.0565,"Aromatic"
413.0514,"Aromatic"
429.0463,"Aromatic"
445.0412,"Aromatic"
461.0362,"Aromatic"
477.0311,"Aromatic"
367.0823,"Aromatic"
383.0772,"Aromatic"
399.0722,"Aromatic"
415.0671,"Aromatic"
431.062,"Aromatic"
447.0569,"Lignin-like"
463.0518,"Lignin-like"
479.0467,"Lignin-like"
495.0416,"Lignin-like"
414.0831,"Aromatic"
353.1031,"Aromatic"
369.098,"Aromatic"
385.0929,"Lignin-like"
401.0878,"Lignin-like"
417.0827,"Lignin-like"
433.0776,"Lignin-like"
449.0725,"Lignin-like"
465.0675,"Lignin-like"
481.0624,"Lignin-like"
497.0573,"Lignin-like"
448.0885,"Lignin-like"
355.1187,"Lignin-like"
371.1136,"Lignin-like"
387.1085,"Lignin-like"
403.1035,"Lignin-like"
419.0984,"Lignin-like"
435.0933,"Lignin-like"
451.0882,"Lignin-like"
467.0831,"Lignin-like"
483.078,"Lignin-like"
499.0729,"Lignin-like"
434.1093,"Lignin-like"
357.1344,"Lignin-like"
373.1293,"Lignin-like"
389.1242,"Lignin-like"
405.1191,"Lignin-like"
421.114,"Lignin-like"
437.1089,"Lignin-like"
453.1038,"Lignin-like"
469.0988,"Lignin-like"
485.0937,"Lignin-like"
343.1551,"Lignin-like"
359.15,"Lignin-like"
375.1449,"Lignin-like"
391.1398,"Lignin-like"
407.1348,"Lignin-like"
423.1297,"Lignin-like"
439.1246,"Lignin-like"
455.1195,"Lignin-like"
471.1144,"Lignin-like"
487.1093,"Lignin-like"
486.1253,"Lignin-like"
345.1707,"Lignin-like"
361.1657,"Lignin-like"
377.1606,"Lignin-like"
393.1555,"Lignin-like"
409.1504,"Lignin-like"
425.1453,"Lignin-like"
441.1402,"Lignin-like"
457.1351,"Lignin-like"
473.1301,"Lignin-like"
388.1878,"Lignin-like"
404.1827,"Lignin-like"
347.1864,"Lignin-like"
363.1813,"Lignin-like"
379.1762,"Lignin-like"
395.1711,"Lignin-like"
411.1661,"Lignin-like"
427.161,"Lignin-like"
443.1559,"Lignin-like"
459.1508,"Lignin-like"
475.1457,"Lignin-like"
406.1984,"Lignin-like"
349.202,"Aliphatic-noN"
365.197,"Aliphatic-noN"
381.1919,"Aliphatic-noN"
397.1868,"Aliphatic-noN"
413.1817,"Aliphatic-noN"
429.1766,"Aliphatic-noN"
445.1715,"Aliphatic-noN"
509.1512,"Carbohydrate-like"
525.1461,"Carbohydrate-like"
541.141,"Carbohydrate-like"
421.2093,"Aliphatic+N"
376.2242,"Aliphatic+N"
351.2177,"Aliphatic-noN"
367.2126,"Aliphatic-noN"
383.2075,"Aliphatic-noN"
399.2024,"Aliphatic-noN"
415.1974,"Aliphatic-noN"
431.1923,"Aliphatic-noN"
495.1719,"Carbohydrate-like"
527.1618,"Carbohydrate-like"
543.1567,"Carbohydrate-like"
559.1516,"Carbohydrate-like"
439.2198,"Aliphatic+N"
455.2147,"Aliphatic+N"
470.2256,"Aliphatic+N"
369.2283,"Aliphatic-noN"
385.2232,"Aliphatic-noN"
401.2181,"Aliphatic-noN"
417.213,"Aliphatic-noN"
433.2079,"Aliphatic-noN"
513.1825,"Carbohydrate-like"
545.1723,"Carbohydrate-like"
561.1672,"Carbohydrate-like"
425.2406,"Aliphatic+N"
441.2355,"Aliphatic+N"
457.2304,"Aliphatic+N"
456.2464,"Aliphatic+N"
472.2413,"Aliphatic+N"
371.2439,"Aliphatic-noN"
387.2388,"Aliphatic-noN"
403.2337,"Aliphatic-noN"
419.2287,"Aliphatic-noN"
411.2613,"Aliphatic+N"
427.2562,"Aliphatic+N"
443.2511,"Aliphatic+N"
459.246,"Aliphatic+N"
458.262,"Aliphatic+N"
373.2596,"Aliphatic-noN"
389.2545,"Aliphatic-noN"
421.2265,"Aliphatic-noN"
405.2494,"Aliphatic-noN"
413.2769,"Aliphatic+N"
429.2719,"Aliphatic+N"
375.2752,"Aliphatic-noN"
425.2578,"Aliphatic-noN"
441.2528,"Aliphatic-noN"
391.0459,"Condensed Ar"
407.0409,"Condensed Ar"
423.0358,"Condensed Ar"
439.0307,"Condensed Ar"
455.0256,"Condensed Ar"
471.0205,"Aromatic"
377.0667,"Aromatic"
393.0616,"Aromatic"
409.0565,"Aromatic"
425.0514,"Aromatic"
441.0463,"Aromatic"
457.0412,"Aromatic"
473.0362,"Aromatic"
489.0311,"Aromatic"
379.0823,"Aromatic"
395.0772,"Aromatic"
411.0722,"Aromatic"
427.0671,"Aromatic"
443.062,"Aromatic"
459.0569,"Aromatic"
475.0518,"Aromatic"
491.0467,"Lignin-like"
507.0416,"Lignin-like"
381.098,"Aromatic"
397.0929,"Aromatic"
413.0878,"Aromatic"
429.0827,"Lignin-like"
445.0776,"Lignin-like"
461.0725,"Lignin-like"
477.0675,"Lignin-like"
493.0624,"Lignin-like"
509.0573,"Lignin-like"
428.0987,"Aromatic"
367.1187,"Lignin-like"
383.1136,"Lignin-like"
399.1085,"Lignin-like"
415.1035,"Lignin-like"
431.0984,"Lignin-like"
447.0933,"Lignin-like"
463.0882,"Lignin-like"
479.0831,"Lignin-like"
495.078,"Lignin-like"
511.0729,"Lignin-like"
527.0679,"Lignin-like"
369.1344,"Lignin-like"
385.1293,"Lignin-like"
401.1242,"Lignin-like"
417.1191,"Lignin-like"
433.114,"Lignin-like"
449.1089,"Lignin-like"
465.1038,"Lignin-like"
481.0988,"Lignin-like"
497.0937,"Lignin-like"
513.0886,"Lignin-like"
355.1551,"Lignin-like"
371.15,"Lignin-like"
387.1449,"Lignin-like"
403.1398,"Lignin-like"
419.1348,"Lignin-like"
435.1297,"Lignin-like"
451.1246,"Lignin-like"
467.1195,"Lignin-like"
483.1144,"Lignin-like"
499.1093,"Lignin-like"
357.1707,"Lignin-like"
373.1657,"Lignin-like"
389.1606,"Lignin-like"
405.1555,"Lignin-like"
421.1504,"Lignin-like"
437.1453,"Lignin-like"
453.1402,"Lignin-like"
469.1351,"Lignin-like"
485.1301,"Lignin-like"
359.1864,"Lignin-like"
375.1813,"Lignin-like"
391.1762,"Lignin-like"
407.1711,"Lignin-like"
423.1661,"Lignin-like"
439.161,"Lignin-like"
455.1559,"Lignin-like"
471.1508,"Lignin-like"
487.1457,"Lignin-like"
361.202,"Lignin-like"
377.197,"Lignin-like"
393.1919,"Lignin-like"
409.1868,"Lignin-like"
425.1817,"Lignin-like"
441.1766,"Lignin-like"
457.1715,"Lignin-like"
473.1664,"Lignin-like"
363.2177,"Aliphatic-noN"
379.2126,"Aliphatic-noN"
395.2075,"Aliphatic-noN"
411.2024,"Aliphatic-noN"
427.1974,"Aliphatic-noN"
443.1923,"Aliphatic-noN"
459.1872,"Aliphatic-noN"
523.1668,"Carbohydrate-like"
435.2249,"Aliphatic+N"
374.2449,"Aliphatic+N"
381.2283,"Aliphatic-noN"
397.2232,"Aliphatic-noN"
413.2181,"Aliphatic-noN"
429.213,"Aliphatic-noN"
445.2079,"Aliphatic-noN"
461.2028,"Aliphatic-noN"
541.1774,"Carbohydrate-like"
557.1723,"Carbohydrate-like"
589.1622,"Carbohydrate-like"
469.2304,"Aliphatic+N"
383.2439,"Aliphatic-noN"
399.2388,"Aliphatic-noN"
415.2337,"Aliphatic-noN"
431.2287,"Aliphatic-noN"
447.2236,"Aliphatic-noN"
463.2185,"Aliphatic-noN"
455.2511,"Aliphatic+N"
486.2569,"Aliphatic+N"
401.2545,"Aliphatic-noN"
417.2494,"Aliphatic-noN"
433.2443,"Aliphatic-noN"
457.2668,"Aliphatic+N"
419.265,"Aliphatic-noN"
435.26,"Aliphatic-noN"
419.0409,"Condensed Ar"
405.0616,"Condensed Ar"
421.0565,"Aromatic"
437.0514,"Aromatic"
453.0463,"Aromatic"
469.0412,"Aromatic"
485.0362,"Aromatic"
501.0311,"Aromatic"
407.0772,"Aromatic"
423.0722,"Aromatic"
439.0671,"Aromatic"
455.062,"Aromatic"
471.0569,"Aromatic"
487.0518,"Aromatic"
503.0467,"Aromatic"
393.098,"Aromatic"
409.0929,"Aromatic"
425.0878,"Aromatic"
441.0827,"Aromatic"
457.0776,"Aromatic"
473.0725,"Lignin-like"
489.0675,"Lignin-like"
505.0624,"Lignin-like"
521.0573,"Lignin-like"
395.1136,"Aromatic"
411.1085,"Lignin-like"
427.1035,"Lignin-like"
443.0984,"Lignin-like"
459.0933,"Lignin-like"
475.0882,"Lignin-like"
491.0831,"Lignin-like"
507.078,"Lignin-like"
523.0729,"Lignin-like"
539.0679,"Lignin-like"
397.1293,"Lignin-like"
413.1242,"Lignin-like"
429.1191,"Lignin-like"
445.114,"Lignin-like"
461.1089,"Lignin-like"
477.1038,"Lignin-like"
493.0988,"Lignin-like"
509.0937,"Lignin-like"
525.0886,"Lignin-like"
383.15,"Lignin-like"
399.1449,"Lignin-like"
415.1398,"Lignin-like"
431.1348,"Lignin-like"
447.1297,"Lignin-like"
463.1246,"Lignin-like"
479.1195,"Lignin-like"
495.1144,"Lignin-like"
511.1093,"Lignin-like"
527.1042,"Lignin-like"
369.1707,"Lignin-like"
385.1657,"Lignin-like"
401.1606,"Lignin-like"
417.1555,"Lignin-like"
433.1504,"Lignin-like"
449.1453,"Lignin-like"
465.1402,"Lignin-like"
481.1351,"Lignin-like"
497.1301,"Lignin-like"
513.125,"Lignin-like"
371.1864,"Lignin-like"
387.1813,"Lignin-like"
403.1762,"Lignin-like"
419.1711,"Lignin-like"
435.1661,"Lignin-like"
451.161,"Lignin-like"
467.1559,"Lignin-like"
483.1508,"Lignin-like"
499.1457,"Lignin-like"
373.202,"Lignin-like"
389.197,"Lignin-like"
405.1919,"Lignin-like"
421.1868,"Lignin-like"
437.1817,"Lignin-like"
453.1766,"Lignin-like"
469.1715,"Lignin-like"
485.1664,"Lignin-like"
375.2177,"Lignin-like"
391.2126,"Lignin-like"
407.2075,"Lignin-like"
423.2024,"Lignin-like"
439.1974,"Lignin-like"
455.1923,"Lignin-like"
471.1872,"Lignin-like"
487.1821,"Lignin-like"
503.177,"Lignin-like"
393.2283,"Aliphatic-noN"
409.2232,"Aliphatic-noN"
425.2181,"Aliphatic-noN"
441.213,"Aliphatic-noN"
457.2079,"Aliphatic-noN"
473.2028,"Aliphatic-noN"
489.1977,"Aliphatic-noN"
585.1672,"Carbohydrate-like"
395.2439,"Aliphatic-noN"
411.2388,"Aliphatic-noN"
427.2337,"Aliphatic-noN"
443.2287,"Aliphatic-noN"
459.2236,"Aliphatic-noN"
475.2185,"Aliphatic-noN"
491.2134,"Aliphatic-noN"
571.188,"Carbohydrate-like"
587.1829,"Carbohydrate-like"
603.1778,"Carbohydrate-like"
413.2545,"Aliphatic-noN"
429.2494,"Aliphatic-noN"
445.2443,"Aliphatic-noN"
461.2392,"Aliphatic-noN"
477.2341,"Aliphatic-noN"
493.229,"Aliphatic-noN"
481.0412,"Aromatic"
435.0722,"Aromatic"
451.0671,"Aromatic"
467.062,"Aromatic"
483.0569,"Aromatic"
499.0518,"Aromatic"
515.0467,"Aromatic"
531.0416,"Aromatic"
437.0878,"Aromatic"
453.0827,"Aromatic"
469.0776,"Aromatic"
485.0725,"Aromatic"
501.0675,"Aromatic"
517.0624,"Lignin-like"
533.0573,"Lignin-like"
549.0522,"Lignin-like"
439.1035,"Aromatic"
455.0984,"Lignin-like"
471.0933,"Lignin-like"
487.0882,"Lignin-like"
503.0831,"Lignin-like"
519.078,"Lignin-like"
535.0729,"Lignin-like"
551.0679,"Lignin-like"
409.1293,"Lignin-like"
425.1242,"Lignin-like"
441.1191,"Lignin-like"
457.114,"Lignin-like"
473.1089,"Lignin-like"
489.1038,"Lignin-like"
505.0988,"Lignin-like"
521.0937,"Lignin-like"
537.0886,"Lignin-like"
553.0835,"Lignin-like"
395.15,"Lignin-like"
411.1449,"Lignin-like"
427.1398,"Lignin-like"
443.1348,"Lignin-like"
459.1297,"Lignin-like"
475.1246,"Lignin-like"
491.1195,"Lignin-like"
507.1144,"Lignin-like"
523.1093,"Lignin-like"
539.1042,"Lignin-like"
397.1657,"Lignin-like"
413.1606,"Lignin-like"
429.1555,"Lignin-like"
445.1504,"Lignin-like"
461.1453,"Lignin-like"
477.1402,"Lignin-like"
493.1351,"Lignin-like"
509.1301,"Lignin-like"
525.125,"Lignin-like"
541.1199,"Lignin-like"
399.1813,"Lignin-like"
415.1762,"Lignin-like"
431.1711,"Lignin-like"
447.1661,"Lignin-like"
463.161,"Lignin-like"
479.1559,"Lignin-like"
495.1508,"Lignin-like"
511.1457,"Lignin-like"
527.1406,"Lignin-like"
385.202,"Lignin-like"
401.197,"Lignin-like"
417.1919,"Lignin-like"
433.1868,"Lignin-like"
449.1817,"Lignin-like"
465.1766,"Lignin-like"
481.1715,"Lignin-like"
497.1664,"Lignin-like"
387.2177,"Lignin-like"
403.2126,"Lignin-like"
419.2075,"Lignin-like"
435.2024,"Lignin-like"
451.1974,"Lignin-like"
467.1923,"Lignin-like"
483.1872,"Lignin-like"
499.1821,"Lignin-like"
389.2333,"Lignin-like"
405.2283,"Lignin-like"
421.2232,"Lignin-like"
437.2181,"Lignin-like"
453.213,"Lignin-like"
469.2079,"Lignin-like"
485.2028,"Lignin-like"
407.2439,"Aliphatic-noN"
423.2388,"Aliphatic-noN"
439.2337,"Aliphatic-noN"
455.2287,"Aliphatic-noN"
471.2236,"Aliphatic-noN"
487.2185,"Aliphatic-noN"
583.188,"Carbohydrate-like"
425.2545,"Aliphatic-noN"
441.2494,"Aliphatic-noN"
457.2443,"Aliphatic-noN"
617.1935,"Carbohydrate-like"
633.1884,"Carbohydrate-like"
459.26,"Aliphatic-noN"
603.2142,"Carbohydrate-like"
479.062,"Aromatic"
495.0569,"Aromatic"
481.0776,"Aromatic"
497.0725,"Aromatic"
513.0675,"Aromatic"
529.0624,"Aromatic"
545.0573,"Aromatic"
561.0522,"Lignin-like"
467.0984,"Aromatic"
483.0933,"Aromatic"
499.0882,"Lignin-like"
515.0831,"Lignin-like"
531.078,"Lignin-like"
547.0729,"Lignin-like"
563.0679,"Lignin-like"
453.1191,"Lignin-like"
469.114,"Lignin-like"
485.1089,"Lignin-like"
501.1038,"Lignin-like"
517.0988,"Lignin-like"
533.0937,"Lignin-like"
549.0886,"Lignin-like"
455.1348,"Lignin-like"
471.1297,"Lignin-like"
487.1246,"Lignin-like"
503.1195,"Lignin-like"
519.1144,"Lignin-like"
535.1093,"Lignin-like"
425.1606,"Lignin-like"
441.1555,"Lignin-like"
457.1504,"Lignin-like"
473.1453,"Lignin-like"
489.1402,"Lignin-like"
505.1351,"Lignin-like"
521.1301,"Lignin-like"
537.125,"Lignin-like"
553.1199,"Lignin-like"
411.1813,"Lignin-like"
427.1762,"Lignin-like"
443.1711,"Lignin-like"
459.1661,"Lignin-like"
475.161,"Lignin-like"
491.1559,"Lignin-like"
507.1508,"Lignin-like"
523.1457,"Lignin-like"
539.1406,"Lignin-like"
413.197,"Lignin-like"
429.1919,"Lignin-like"
445.1868,"Lignin-like"
461.1817,"Lignin-like"
477.1766,"Lignin-like"
493.1715,"Lignin-like"
509.1664,"Lignin-like"
525.1614,"Lignin-like"
399.2177,"Lignin-like"
415.2126,"Lignin-like"
431.2075,"Lignin-like"
447.2024,"Lignin-like"
463.1974,"Lignin-like"
479.1923,"Lignin-like"
495.1872,"Lignin-like"
511.1821,"Lignin-like"
401.2333,"Lignin-like"
417.2283,"Lignin-like"
433.2232,"Lignin-like"
449.2181,"Lignin-like"
465.213,"Lignin-like"
481.2079,"Lignin-like"
497.2028,"Lignin-like"
513.1977,"Lignin-like"
403.249,"Aliphatic-noN"
419.2439,"Aliphatic-noN"
435.2388,"Aliphatic-noN"
451.2337,"Aliphatic-noN"
467.2287,"Aliphatic-noN"
483.2236,"Aliphatic-noN"
499.2185,"Aliphatic-noN"
515.2134,"Aliphatic-noN"
643.1727,"Carbohydrate-like"
421.2596,"Aliphatic-noN"
437.2545,"Aliphatic-noN"
453.2494,"Aliphatic-noN"
469.2443,"Aliphatic-noN"
485.2392,"Aliphatic-noN"
645.1884,"Carbohydrate-like"
661.1833,"Carbohydrate-like"
608.2308,"Carbohydrate-like"
471.26,"Aliphatic-noN"
631.2091,"Carbohydrate-like"
647.204,"Carbohydrate-like"
367.3582,"Aliphatic-noN"
511.0882,"Aromatic"
527.0831,"Aromatic"
543.078,"Lignin-like"
559.0729,"Lignin-like"
513.1038,"Lignin-like"
529.0988,"Lignin-like"
545.0937,"Lignin-like"
499.1246,"Lignin-like"
515.1195,"Lignin-like"
531.1144,"Lignin-like"
547.1093,"Lignin-like"
563.1042,"Lignin-like"
485.1453,"Lignin-like"
501.1402,"Lignin-like"
517.1351,"Lignin-like"
533.1301,"Lignin-like"
549.125,"Lignin-like"
565.1199,"Lignin-like"
439.1762,"Lignin-like"
455.1711,"Lignin-like"
471.1661,"Lignin-like"
487.161,"Lignin-like"
503.1559,"Lignin-like"
519.1508,"Lignin-like"
535.1457,"Lignin-like"
551.1406,"Lignin-like"
441.1919,"Lignin-like"
457.1868,"Lignin-like"
473.1817,"Lignin-like"
489.1766,"Lignin-like"
505.1715,"Lignin-like"
521.1664,"Lignin-like"
537.1614,"Lignin-like"
427.2126,"Lignin-like"
443.2075,"Lignin-like"
459.2024,"Lignin-like"
475.1974,"Lignin-like"
491.1923,"Lignin-like"
507.1872,"Lignin-like"
523.1821,"Lignin-like"
429.2283,"Lignin-like"
445.2232,"Lignin-like"
461.2181,"Lignin-like"
477.213,"Lignin-like"
493.2079,"Lignin-like"
509.2028,"Lignin-like"
525.1977,"Lignin-like"
541.1927,"Lignin-like"
415.249,"Lignin-like"
431.2439,"Lignin-like"
447.2388,"Lignin-like"
463.2337,"Lignin-like"
479.2287,"Lignin-like"
495.2236,"Lignin-like"
511.2185,"Lignin-like"
449.2545,"Aliphatic-noN"
465.2494,"Aliphatic-noN"
481.2443,"Aliphatic-noN"
497.2392,"Aliphatic-noN"
451.2701,"Aliphatic-noN"
467.265,"Aliphatic-noN"
499.2549,"Aliphatic-noN"
659.204,"Carbohydrate-like"
677.2146,"Carbohydrate-like"
523.0882,"Aromatic"
555.078,"Aromatic"
541.0988,"Lignin-like"
511.1246,"Lignin-like"
543.1144,"Lignin-like"
559.1093,"Lignin-like"
497.1453,"Lignin-like"
513.1402,"Lignin-like"
529.1351,"Lignin-like"
561.125,"Lignin-like"
577.1199,"Lignin-like"
467.1711,"Lignin-like"
483.1661,"Lignin-like"
499.161,"Lignin-like"
515.1559,"Lignin-like"
531.1508,"Lignin-like"
547.1457,"Lignin-like"
563.1406,"Lignin-like"
485.1817,"Lignin-like"
501.1766,"Lignin-like"
517.1715,"Lignin-like"
533.1664,"Lignin-like"
549.1614,"Lignin-like"
565.1563,"Lignin-like"
455.2075,"Lignin-like"
471.2024,"Lignin-like"
487.1974,"Lignin-like"
503.1923,"Lignin-like"
519.1872,"Lignin-like"
535.1821,"Lignin-like"
551.177,"Lignin-like"
441.2283,"Lignin-like"
457.2232,"Lignin-like"
473.2181,"Lignin-like"
489.213,"Lignin-like"
505.2079,"Lignin-like"
521.2028,"Lignin-like"
537.1977,"Lignin-like"
443.2439,"Lignin-like"
459.2388,"Lignin-like"
475.2337,"Lignin-like"
491.2287,"Lignin-like"
507.2236,"Lignin-like"
523.2185,"Lignin-like"
539.2134,"Lignin-like"
445.2596,"Lignin-like"
461.2545,"Lignin-like"
477.2494,"Lignin-like"
493.2443,"Lignin-like"
509.2392,"Lignin-like"
525.2341,"Lignin-like"
463.2701,"Aliphatic-noN"
479.265,"Aliphatic-noN"
495.26,"Aliphatic-noN"
511.2549,"Aliphatic-noN"
527.2498,"Aliphatic-noN"
481.2807,"Aliphatic-noN"
497.2756,"Aliphatic-noN"
513.2705,"Aliphatic-noN"
529.2654,"Aliphatic-noN"
657.2248,"Carbohydrate-like"
673.2197,"Carbohydrate-like"
543.1508,"Lignin-like"
575.1406,"Lignin-like"
497.1817,"Lignin-like"
513.1766,"Lignin-like"
561.1614,"Lignin-like"
467.2075,"Lignin-like"
499.1974,"Lignin-like"
515.1923,"Lignin-like"
531.1872,"Lignin-like"
547.1821,"Lignin-like"
563.177,"Lignin-like"
469.2232,"Lignin-like"
485.2181,"Lignin-like"
501.213,"Lignin-like"
517.2079,"Lignin-like"
533.2028,"Lignin-like"
549.1977,"Lignin-like"
565.1927,"Lignin-like"
455.2439,"Lignin-like"
471.2388,"Lignin-like"
487.2337,"Lignin-like"
503.2287,"Lignin-like"
519.2236,"Lignin-like"
535.2185,"Lignin-like"
551.2134,"Lignin-like"
457.2596,"Lignin-like"
473.2545,"Lignin-like"
489.2494,"Lignin-like"
505.2443,"Lignin-like"
521.2392,"Lignin-like"
537.2341,"Lignin-like"
553.229,"Lignin-like"
459.2752,"Lignin-like"
475.2701,"Lignin-like"
491.265,"Lignin-like"
507.26,"Lignin-like"
523.2549,"Lignin-like"
539.2498,"Lignin-like"
477.2858,"Aliphatic-noN"
493.2807,"Aliphatic-noN"
509.2756,"Aliphatic-noN"
525.2705,"Aliphatic-noN"
479.3014,"Aliphatic-noN"
495.2963,"Aliphatic-noN"
735.2201,"Carbohydrate-like"
571.1457,"Lignin-like"
573.1614,"Lignin-like"
543.1872,"Lignin-like"
559.1821,"Lignin-like"
513.213,"Lignin-like"
529.2079,"Lignin-like"
545.2028,"Lignin-like"
561.1977,"Lignin-like"
483.2388,"Lignin-like"
499.2337,"Lignin-like"
515.2287,"Lignin-like"
531.2236,"Lignin-like"
547.2185,"Lignin-like"
563.2134,"Lignin-like"
579.2083,"Lignin-like"
485.2545,"Lignin-like"
501.2494,"Lignin-like"
517.2443,"Lignin-like"
533.2392,"Lignin-like"
549.2341,"Lignin-like"
471.2752,"Lignin-like"
487.2701,"Lignin-like"
503.265,"Lignin-like"
519.26,"Lignin-like"
535.2549,"Lignin-like"
551.2498,"Lignin-like"
473.2909,"Aliphatic-noN"
489.2858,"Aliphatic-noN"
505.2807,"Aliphatic-noN"
521.2756,"Aliphatic-noN"
537.2705,"Aliphatic-noN"
553.2654,"Aliphatic-noN"
539.2862,"Aliphatic-noN"
585.1614,"Lignin-like"
587.177,"Lignin-like"
525.213,"Lignin-like"
527.2287,"Lignin-like"
543.2236,"Lignin-like"
497.2545,"Lignin-like"
513.2494,"Lignin-like"
529.2443,"Lignin-like"
545.2392,"Lignin-like"
561.2341,"Lignin-like"
499.2701,"Lignin-like"
515.265,"Lignin-like"
531.26,"Lignin-like"
547.2549,"Lignin-like"
563.2498,"Lignin-like"
485.2909,"Lignin-like"
501.2858,"Lignin-like"
517.2807,"Lignin-like"
533.2756,"Lignin-like"
549.2705,"Lignin-like"
487.3065,"Aliphatic-noN"
503.3014,"Aliphatic-noN"
519.2963,"Aliphatic-noN"
535.2913,"Aliphatic-noN"
551.2862,"Aliphatic-noN"
505.3171,"Aliphatic-noN"
521.312,"Aliphatic-noN"
545.1288,"Aromatic"
486.2204,"Lignin-like"
587.2134,"Lignin-like"
527.265,"Lignin-like"
543.26,"Lignin-like"
559.2549,"Lignin-like"
575.2498,"Lignin-like"
513.2858,"Lignin-like"
529.2807,"Lignin-like"
545.2756,"Lignin-like"
561.2705,"Lignin-like"
499.3065,"Lignin-like"
515.3014,"Lignin-like"
531.2963,"Lignin-like"
547.2913,"Lignin-like"
563.2862,"Lignin-like"
485.3272,"Aliphatic-noN"
501.3222,"Aliphatic-noN"
517.3171,"Aliphatic-noN"
533.312,"Aliphatic-noN"
487.3429,"Aliphatic-noN"
503.3378,"Aliphatic-noN"
519.3327,"Aliphatic-noN"
535.3276,"Aliphatic-noN"
500.236,"Lignin-like"
321.0827,"Carbohydrate-like"
369.0675,"Carbohydrate-like"
339.0933,"Carbohydrate-like"
357.0861,"Carbohydrate-like"
379.0341,"Lignin-like"
319.0857,"Aliphatic-noN"
383.0831,"Carbohydrate-like"
314.1358,"Aliphatic+N"
337.114,"Carbohydrate-like"
323.1348,"Carbohydrate-like"
315.1085,"Lignin-like"
397.0988,"Carbohydrate-like"
329.1354,"Aliphatic+N"
357.1416,"Aliphatic+N"
344.1463,"Aliphatic+N"
351.1297,"Carbohydrate-like"
431.096,"Carbohydrate-like"
314.1721,"Aliphatic+N"
353.1276,"Aliphatic-noN"
369.1225,"Carbohydrate-like"
329.183,"Aliphatic+N"
300.1929,"Aliphatic+N"
364.1548,"Aliphatic+N"
309.1741,"Aliphatic-noN"
309.098,"Lignin-like"
423.0603,"Lignin-like"
322.1408,"Lignin-like"
297.1344,"Lignin-like"
353.1467,"Lignin-like"
324.1565,"Aliphatic+N"
299.15,"Aliphatic-noN"
347.117,"Aliphatic-noN"
363.1297,"Carbohydrate-like"
317.1606,"Aliphatic-noN"
333.1555,"Aliphatic-noN"
349.1504,"Carbohydrate-like"
313.1769,"Aliphatic+N"
329.1718,"Aliphatic+N"
351.1483,"Aliphatic-noN"
367.1432,"Aliphatic-noN"
383.1381,"Carbohydrate-like"
367.161,"Carbohydrate-like"
447.1178,"Carbohydrate-like"
394.1653,"Aliphatic+N"
337.169,"Aliphatic-noN"
332.1252,"Lignin-like"
309.1344,"Lignin-like"
373.0963,"Lignin-like"
421.081,"Lignin-like"
336.1565,"Lignin-like"
391.1246,"Carbohydrate-like"
439.1093,"Carbohydrate-like"
403.1358,"Carbohydrate-like"
367.1623,"Aliphatic+N"
374.1457,"Aliphatic+N"
297.153,"Aliphatic-noN"
388.1548,"Aliphatic+N"
395.1559,"Carbohydrate-like"
411.1508,"Carbohydrate-like"
327.1925,"Aliphatic+N"
386.2045,"Aliphatic+N"
402.1994,"Aliphatic+N"
317.197,"Aliphatic-noN"
333.1919,"Aliphatic-noN"
365.1639,"Aliphatic-noN"
381.1589,"Aliphatic-noN"
335.1898,"Aliphatic-noN"
319.2126,"Aliphatic-noN"
351.1847,"Aliphatic-noN"
367.1796,"Aliphatic-noN"
362.1358,"Lignin-like"
333.1456,"Lignin-like"
348.1565,"Lignin-like"
364.1514,"Lignin-like"
307.1551,"Lignin-like"
433.0931,"Aliphatic+N"
428.1787,"Aliphatic+N"
311.1864,"Aliphatic-noN"
371.1824,"Aliphatic+N"
431.1784,"Aliphatic+N"
398.2045,"Aliphatic+N"
414.1994,"Aliphatic+N"
409.1715,"Carbohydrate-like"
425.1664,"Carbohydrate-like"
341.2082,"Aliphatic+N"
472.1494,"Carbohydrate-like"
356.2191,"Aliphatic+N"
315.2177,"Aliphatic-noN"
363.2024,"Aliphatic-noN"
390.2068,"Aliphatic+N"
365.2003,"Aliphatic-noN"
381.1952,"Aliphatic-noN"
351.2211,"Aliphatic-noN"
319.1551,"Lignin-like"
479.1042,"Lignin-like"
527.089,"Lignin-like"
347.1612,"Lignin-like"
362.1721,"Lignin-like"
481.1199,"Lignin-like"
513.1097,"Lignin-like"
545.0996,"Lignin-like"
393.178,"Lignin-like"
348.1929,"Aliphatic+N"
396.1776,"Aliphatic+N"
435.1508,"Carbohydrate-like"
515.1254,"Carbohydrate-like"
395.1936,"Aliphatic+N"
443.1784,"Aliphatic+N"
426.1994,"Aliphatic+N"
421.1715,"Carbohydrate-like"
465.1726,"Carbohydrate-like"
381.2143,"Aliphatic+N"
445.194,"Aliphatic+N"
421.1633,"Aliphatic-noN"
416.2038,"Aliphatic+N"
439.1821,"Carbohydrate-like"
313.2384,"Aliphatic-noN"
393.1952,"Aliphatic-noN"
409.1902,"Aliphatic-noN"
409.2079,"Aliphatic-noN"
505.1336,"Aliphatic-noN"
347.2262,"Aliphatic-noN"
363.2211,"Aliphatic-noN"
379.216,"Aliphatic-noN"
333.2469,"Aliphatic-noN"
349.2418,"Aliphatic-noN"
365.2367,"Aliphatic-noN"
372.1565,"Lignin-like"
388.1514,"Lignin-like"
541.1046,"Lignin-like"
361.1769,"Lignin-like"
360.1929,"Lignin-like"
479.1406,"Lignin-like"
495.1355,"Lignin-like"
511.1305,"Lignin-like"
559.1152,"Lignin-like"
391.1987,"Lignin-like"
362.2085,"Aliphatic+N"
410.1933,"Aliphatic+N"
337.202,"Aliphatic-noN"
465.1614,"Carbohydrate-like"
481.1563,"Carbohydrate-like"
529.141,"Carbohydrate-like"
409.2093,"Aliphatic+N"
457.194,"Aliphatic+N"
412.2089,"Aliphatic+N"
428.2038,"Aliphatic+N"
440.2151,"Aliphatic+N"
339.2177,"Aliphatic-noN"
419.1923,"Aliphatic-noN"
435.1872,"Aliphatic-noN"
451.1821,"Carbohydrate-like"
467.177,"Carbohydrate-like"
395.23,"Aliphatic+N"
459.2097,"Aliphatic+N"
414.2246,"Aliphatic+N"
426.2358,"Aliphatic+N"
341.2333,"Aliphatic-noN"
421.1902,"Aliphatic-noN"
469.1927,"Carbohydrate-like"
343.249,"Aliphatic-noN"
407.2109,"Aliphatic-noN"
423.2058,"Aliphatic-noN"
407.2287,"Aliphatic-noN"
439.2007,"Aliphatic-noN"
393.2316,"Aliphatic-noN"
425.2215,"Aliphatic-noN"
447.1344,"Lignin-like"
329.1758,"Lignin-like"
420.1776,"Lignin-like"
331.1915,"Lignin-like"
539.1254,"Lignin-like"
555.1203,"Lignin-like"
375.1925,"Lignin-like"
391.1875,"Lignin-like"
419.1936,"Lignin-like"
374.2085,"Lignin-like"
333.2071,"Aliphatic-noN"
493.1563,"Carbohydrate-like"
573.1309,"Carbohydrate-like"
437.2042,"Aliphatic+N"
453.1991,"Aliphatic+N"
392.2191,"Aliphatic+N"
440.2038,"Aliphatic+N"
488.1886,"Aliphatic+N"
452.2151,"Aliphatic+N"
468.21,"Aliphatic+N"
447.1872,"Aliphatic-noN"
479.177,"Carbohydrate-like"
511.1668,"Carbohydrate-like"
471.2097,"Aliphatic+N"
510.1828,"Carbohydrate-like"
410.2297,"Aliphatic+N"
442.2195,"Aliphatic+N"
506.1991,"Carbohydrate-like"
454.2307,"Aliphatic+N"
353.2333,"Aliphatic-noN"
449.2028,"Aliphatic-noN"
481.1927,"Carbohydrate-like"
497.1876,"Carbohydrate-like"
529.1774,"Carbohydrate-like"
473.2253,"Aliphatic+N"
412.2453,"Aliphatic+N"
428.2402,"Aliphatic+N"
440.2515,"Aliphatic+N"
355.249,"Aliphatic-noN"
442.2671,"Aliphatic+N"
445.2668,"Aliphatic+N"
391.2524,"Aliphatic-noN"
391.2701,"Aliphatic-noN"
555.1567,"Carbohydrate-like"
571.1516,"Carbohydrate-like"
587.1465,"Carbohydrate-like"
451.2198,"Aliphatic+N"
390.2398,"Aliphatic+N"
406.2347,"Aliphatic+N"
466.2307,"Aliphatic+N"
482.2256,"Aliphatic+N"
365.2333,"Aliphatic-noN"
509.1876,"Carbohydrate-like"
525.1825,"Carbohydrate-like"
573.1672,"Carbohydrate-like"
437.2406,"Aliphatic+N"
453.2355,"Aliphatic+N"
485.2253,"Aliphatic+N"
468.2464,"Aliphatic+N"
484.2413,"Aliphatic+N"
367.249,"Aliphatic-noN"
479.2134,"Aliphatic-noN"
495.2083,"Carbohydrate-like"
511.2032,"Carbohydrate-like"
527.1981,"Carbohydrate-like"
543.1931,"Carbohydrate-like"
559.188,"Carbohydrate-like"
423.2613,"Aliphatic+N"
471.246,"Aliphatic+N"
487.241,"Aliphatic+N"
454.2671,"Aliphatic+N"
470.262,"Aliphatic+N"
385.2596,"Aliphatic-noN"
449.2392,"Aliphatic-noN"
425.2769,"Aliphatic+N"
441.2719,"Aliphatic+N"
456.2828,"Aliphatic+N"
472.2777,"Aliphatic+N"
403.2701,"Aliphatic-noN"
451.2549,"Aliphatic-noN"
443.2875,"Aliphatic+N"
405.2858,"Aliphatic-noN"
439.2735,"Aliphatic-noN"
357.2071,"Lignin-like"
599.1465,"Lignin-like"
377.2333,"Aliphatic-noN"
569.1723,"Carbohydrate-like"
601.1622,"Carbohydrate-like"
548.2097,"Aliphatic+N"
496.2413,"Aliphatic+N"
379.249,"Aliphatic-noN"
507.2083,"Aliphatic-noN"
539.1981,"Carbohydrate-like"
555.1931,"Carbohydrate-like"
483.246,"Aliphatic+N"
499.241,"Aliphatic+N"
566.2203,"Carbohydrate-like"
482.262,"Aliphatic+N"
498.2569,"Aliphatic+N"
397.2596,"Aliphatic-noN"
509.224,"Aliphatic-noN"
541.2138,"Carbohydrate-like"
557.2087,"Carbohydrate-like"
573.2036,"Carbohydrate-like"
453.2719,"Aliphatic+N"
469.2668,"Aliphatic+N"
485.2617,"Aliphatic+N"
468.2828,"Aliphatic+N"
484.2777,"Aliphatic+N"
415.2701,"Aliphatic-noN"
431.265,"Aliphatic-noN"
447.26,"Aliphatic-noN"
495.2447,"Aliphatic-noN"
439.2926,"Aliphatic+N"
471.2824,"Aliphatic+N"
470.2984,"Aliphatic+N"
486.2933,"Aliphatic+N"
433.2807,"Aliphatic-noN"
469.2841,"Aliphatic-noN"
485.279,"Aliphatic-noN"
465.0463,"Aromatic"
383.1864,"Lignin-like"
403.1949,"Lignin-like"
501.1977,"Lignin-like"
597.1672,"Lignin-like"
391.249,"Aliphatic-noN"
503.2134,"Aliphatic-noN"
567.1931,"Carbohydrate-like"
599.1829,"Carbohydrate-like"
615.1778,"Carbohydrate-like"
510.2569,"Aliphatic+N"
409.2596,"Aliphatic-noN"
473.2392,"Aliphatic-noN"
489.2341,"Aliphatic-noN"
569.2087,"Carbohydrate-like"
585.2036,"Carbohydrate-like"
601.1985,"Carbohydrate-like"
512.2726,"Aliphatic+N"
411.2752,"Aliphatic-noN"
427.2701,"Aliphatic-noN"
443.265,"Aliphatic-noN"
475.2549,"Aliphatic-noN"
491.2498,"Aliphatic-noN"
571.2244,"Carbohydrate-like"
587.2193,"Carbohydrate-like"
498.2933,"Aliphatic+N"
429.2858,"Aliphatic-noN"
445.2807,"Aliphatic-noN"
634.2118,"Carbohydrate-like"
465.0827,"Aromatic"
439.1398,"Lignin-like"
397.202,"Lignin-like"
527.177,"Lignin-like"
703.1211,"Lignin-like"
417.2105,"Lignin-like"
625.1622,"Lignin-like"
721.1316,"Lignin-like"
531.2083,"Aliphatic-noN"
627.1778,"Carbohydrate-like"
659.1676,"Carbohydrate-like"
675.1625,"Carbohydrate-like"
691.1575,"Carbohydrate-like"
501.2341,"Aliphatic-noN"
517.229,"Aliphatic-noN"
597.2036,"Carbohydrate-like"
613.1985,"Carbohydrate-like"
629.1935,"Carbohydrate-like"
677.1782,"Carbohydrate-like"
524.2726,"Aliphatic+N"
439.2701,"Aliphatic-noN"
455.265,"Aliphatic-noN"
487.2549,"Aliphatic-noN"
503.2498,"Aliphatic-noN"
583.2244,"Carbohydrate-like"
599.2193,"Carbohydrate-like"
615.2142,"Carbohydrate-like"
663.1989,"Carbohydrate-like"
679.1938,"Carbohydrate-like"
526.2882,"Aliphatic+N"
441.2858,"Aliphatic-noN"
473.2756,"Aliphatic-noN"
489.2705,"Aliphatic-noN"
505.2654,"Aliphatic-noN"
537.2553,"Aliphatic-noN"
601.2349,"Carbohydrate-like"
617.2298,"Carbohydrate-like"
633.2248,"Carbohydrate-like"
665.2146,"Carbohydrate-like"
528.3039,"Aliphatic+N"
475.2913,"Aliphatic-noN"
525.0675,"Aromatic"
495.0933,"Aromatic"
497.1089,"Lignin-like"
561.0886,"Lignin-like"
467.1348,"Lignin-like"
483.1297,"Lignin-like"
453.1555,"Lignin-like"
469.1504,"Lignin-like"
425.197,"Lignin-like"
553.1563,"Lignin-like"
411.2177,"Lignin-like"
539.177,"Lignin-like"
555.1719,"Lignin-like"
413.2333,"Lignin-like"
527.2134,"Lignin-like"
417.2646,"Aliphatic-noN"
433.2596,"Aliphatic-noN"
513.2341,"Aliphatic-noN"
529.229,"Aliphatic-noN"
641.1935,"Carbohydrate-like"
657.1884,"Carbohydrate-like"
457.282,"Aliphatic+N"
435.2752,"Aliphatic-noN"
483.26,"Aliphatic-noN"
515.2498,"Aliphatic-noN"
531.2447,"Aliphatic-noN"
675.1989,"Carbohydrate-like"
453.2858,"Aliphatic-noN"
469.2807,"Aliphatic-noN"
485.2756,"Aliphatic-noN"
501.2705,"Aliphatic-noN"
517.2654,"Aliphatic-noN"
629.2298,"Carbohydrate-like"
645.2248,"Carbohydrate-like"
661.2197,"Carbohydrate-like"
540.3039,"Aliphatic+N"
471.2963,"Aliphatic-noN"
487.2913,"Aliphatic-noN"
503.2862,"Aliphatic-noN"
519.2811,"Aliphatic-noN"
615.2506,"Carbohydrate-like"
647.2404,"Carbohydrate-like"
381.3738,"Aliphatic-noN"
525.1038,"Lignin-like"
557.0937,"Lignin-like"
573.0886,"Lignin-like"
527.1195,"Lignin-like"
575.1042,"Lignin-like"
482.1643,"Lignin-like"
453.1919,"Lignin-like"
469.1868,"Lignin-like"
439.2126,"Lignin-like"
567.1719,"Lignin-like"
425.2333,"Lignin-like"
553.1927,"Lignin-like"
569.1876,"Lignin-like"
427.249,"Lignin-like"
555.2083,"Lignin-like"
429.2646,"Lignin-like"
541.229,"Lignin-like"
557.224,"Lignin-like"
447.2752,"Aliphatic-noN"
543.2447,"Aliphatic-noN"
655.2091,"Carbohydrate-like"
687.1989,"Carbohydrate-like"
703.1938,"Carbohydrate-like"
465.2858,"Aliphatic-noN"
545.2603,"Aliphatic-noN"
641.2298,"Carbohydrate-like"
689.2146,"Carbohydrate-like"
668.252,"Carbohydrate-like"
467.3014,"Aliphatic-noN"
483.2963,"Aliphatic-noN"
499.2913,"Aliphatic-noN"
515.2862,"Aliphatic-noN"
531.2811,"Aliphatic-noN"
547.276,"Aliphatic-noN"
643.2455,"Carbohydrate-like"
659.2404,"Carbohydrate-like"
675.2353,"Carbohydrate-like"
691.2302,"Carbohydrate-like"
517.3018,"Aliphatic-noN"
533.2967,"Aliphatic-noN"
629.2662,"Carbohydrate-like"
395.3895,"Aliphatic-noN"
539.1195,"Lignin-like"
587.1042,"Lignin-like"
525.1402,"Lignin-like"
541.1351,"Lignin-like"
557.1301,"Lignin-like"
573.125,"Lignin-like"
589.1199,"Lignin-like"
511.161,"Lignin-like"
559.1457,"Lignin-like"
591.1355,"Lignin-like"
481.1868,"Lignin-like"
529.1715,"Lignin-like"
545.1664,"Lignin-like"
577.1563,"Lignin-like"
451.2126,"Lignin-like"
483.2024,"Lignin-like"
579.1719,"Lignin-like"
453.2283,"Lignin-like"
567.2083,"Lignin-like"
583.2032,"Lignin-like"
441.2646,"Lignin-like"
569.224,"Lignin-like"
555.2447,"Lignin-like"
571.2396,"Lignin-like"
461.2909,"Aliphatic-noN"
541.2654,"Aliphatic-noN"
557.2603,"Aliphatic-noN"
573.2553,"Aliphatic-noN"
463.3065,"Aliphatic-noN"
511.2913,"Aliphatic-noN"
527.2862,"Aliphatic-noN"
543.2811,"Aliphatic-noN"
559.276,"Aliphatic-noN"
687.2353,"Carbohydrate-like"
465.3044,"Aliphatic-noN"
513.3069,"Aliphatic-noN"
529.3018,"Aliphatic-noN"
545.2967,"Aliphatic-noN"
553.1351,"Lignin-like"
569.1301,"Lignin-like"
585.125,"Lignin-like"
539.1559,"Lignin-like"
555.1508,"Lignin-like"
587.1406,"Lignin-like"
603.1355,"Lignin-like"
525.1766,"Lignin-like"
541.1715,"Lignin-like"
557.1664,"Lignin-like"
589.1563,"Lignin-like"
458.1891,"Aromatic"
495.2024,"Lignin-like"
511.1974,"Lignin-like"
527.1923,"Lignin-like"
575.177,"Lignin-like"
591.1719,"Lignin-like"
481.2232,"Lignin-like"
497.2181,"Lignin-like"
577.1927,"Lignin-like"
593.1876,"Lignin-like"
512.2112,"Lignin-like"
467.2439,"Lignin-like"
595.2032,"Lignin-like"
469.2596,"Lignin-like"
565.229,"Lignin-like"
581.224,"Lignin-like"
597.2189,"Lignin-like"
455.2803,"Lignin-like"
567.2447,"Lignin-like"
583.2396,"Lignin-like"
569.2603,"Aliphatic-noN"
473.2826,"Aliphatic-noN"
475.3065,"Aliphatic-noN"
491.3014,"Aliphatic-noN"
507.2963,"Aliphatic-noN"
523.2913,"Aliphatic-noN"
555.2811,"Aliphatic-noN"
571.276,"Aliphatic-noN"
509.312,"Aliphatic-noN"
525.3069,"Aliphatic-noN"
541.3018,"Aliphatic-noN"
557.2967,"Aliphatic-noN"
573.2916,"Aliphatic-noN"
601.1563,"Lignin-like"
555.1872,"Lignin-like"
571.1821,"Lignin-like"
603.1719,"Lignin-like"
472.2047,"Lignin-like"
491.1993,"Lignin-like"
507.1942,"Lignin-like"
509.2181,"Lignin-like"
541.2079,"Lignin-like"
557.2028,"Lignin-like"
573.1977,"Lignin-like"
589.1927,"Lignin-like"
605.1876,"Lignin-like"
495.2388,"Lignin-like"
511.2337,"Lignin-like"
559.2185,"Lignin-like"
575.2134,"Lignin-like"
591.2083,"Lignin-like"
607.2032,"Lignin-like"
481.2596,"Lignin-like"
577.229,"Lignin-like"
593.224,"Lignin-like"
483.2752,"Lignin-like"
579.2447,"Lignin-like"
595.2396,"Lignin-like"
611.2345,"Lignin-like"
469.2959,"Lignin-like"
565.2654,"Lignin-like"
581.2603,"Lignin-like"
597.2553,"Lignin-like"
471.3116,"Aliphatic-noN"
567.2811,"Aliphatic-noN"
583.276,"Aliphatic-noN"
489.3222,"Aliphatic-noN"
537.3069,"Aliphatic-noN"
553.3018,"Aliphatic-noN"
569.2967,"Aliphatic-noN"
585.2916,"Aliphatic-noN"
601.2866,"Aliphatic-noN"
539.3226,"Aliphatic-noN"
555.3175,"Aliphatic-noN"
571.3124,"Aliphatic-noN"
631.1668,"Lignin-like"
484.2047,"Aromatic"
569.2028,"Lignin-like"
585.1977,"Lignin-like"
601.1927,"Lignin-like"
617.1876,"Lignin-like"
539.2287,"Lignin-like"
555.2236,"Lignin-like"
571.2185,"Lignin-like"
603.2083,"Lignin-like"
619.2032,"Lignin-like"
525.2494,"Lignin-like"
541.2443,"Lignin-like"
557.2392,"Lignin-like"
573.2341,"Lignin-like"
589.229,"Lignin-like"
605.224,"Lignin-like"
621.2189,"Lignin-like"
511.2701,"Lignin-like"
591.2447,"Lignin-like"
607.2396,"Lignin-like"
497.2909,"Lignin-like"
577.2654,"Lignin-like"
593.2603,"Lignin-like"
609.2553,"Lignin-like"
483.3116,"Lignin-like"
579.2811,"Lignin-like"
595.276,"Lignin-like"
549.3069,"Aliphatic-noN"
565.3018,"Aliphatic-noN"
581.2967,"Aliphatic-noN"
597.2916,"Aliphatic-noN"
551.3226,"Aliphatic-noN"
567.3175,"Aliphatic-noN"
583.3124,"Aliphatic-noN"
599.3073,"Aliphatic-noN"
569.3331,"Aliphatic-noN"
611.177,"Lignin-like"
597.1977,"Lignin-like"
629.1876,"Lignin-like"
498.2204,"Lignin-like"
567.2236,"Lignin-like"
583.2185,"Lignin-like"
599.2134,"Lignin-like"
615.2083,"Lignin-like"
569.2392,"Lignin-like"
585.2341,"Lignin-like"
601.229,"Lignin-like"
617.224,"Lignin-like"
555.26,"Lignin-like"
571.2549,"Lignin-like"
587.2498,"Lignin-like"
603.2447,"Lignin-like"
635.2345,"Lignin-like"
557.2756,"Lignin-like"
573.2705,"Lignin-like"
589.2654,"Lignin-like"
605.2603,"Lignin-like"
621.2553,"Lignin-like"
543.2963,"Lignin-like"
559.2913,"Lignin-like"
575.2862,"Lignin-like"
591.2811,"Lignin-like"
607.276,"Lignin-like"
623.2709,"Lignin-like"
545.312,"Lignin-like"
561.3069,"Lignin-like"
577.3018,"Lignin-like"
593.2967,"Lignin-like"
609.2916,"Lignin-like"
531.3327,"Aliphatic-noN"
547.3276,"Aliphatic-noN"
563.3226,"Aliphatic-noN"
579.3175,"Aliphatic-noN"
595.3124,"Aliphatic-noN"
611.3073,"Aliphatic-noN"
565.3382,"Aliphatic-noN"
581.3331,"Aliphatic-noN"
583.3488,"Aliphatic-noN"
565.1356,"Aromatic"
512.236,"Lignin-like"
613.229,"Lignin-like"
514.2517,"Lignin-like"
583.2549,"Lignin-like"
615.2447,"Lignin-like"
585.2705,"Lignin-like"
601.2654,"Lignin-like"
617.2603,"Lignin-like"
633.2553,"Lignin-like"
571.2913,"Lignin-like"
587.2862,"Lignin-like"
603.2811,"Lignin-like"
619.276,"Lignin-like"
573.3069,"Lignin-like"
589.3018,"Lignin-like"
605.2967,"Lignin-like"
621.2916,"Lignin-like"
637.2866,"Lignin-like"
591.3175,"Aliphatic-noN"
607.3124,"Aliphatic-noN"
623.3073,"Aliphatic-noN"
526.2517,"Lignin-like"
643.2396,"Lignin-like"
528.2673,"Lignin-like"
599.2862,"Lignin-like"
615.2811,"Lignin-like"
631.276,"Lignin-like"
633.2916,"Lignin-like"
523.3251,"Lignin-like"
619.3124,"Lignin-like"
635.3073,"Lignin-like"
621.328,"Aliphatic-noN"
559.4861,"Aliphatic-noN"
758.205,"Lignin-like"
602.2313,"Lignin-like"
540.2673,"Lignin-like"
542.283,"Lignin-like"
669.2553,"Lignin-like"
556.2986,"Lignin-like"
535.134,"Condensed Ar"
549.1496,"Condensed Ar"
565.1445,"Condensed Ar"
563.1653,"Condensed Ar"
579.1602,"Condensed Ar"
595.1551,"Condensed Ar"
556.1707,"Condensed Ar"
577.1809,"Condensed Ar"
593.1758,"Condensed Ar"
695.2075,"Aromatic"
805.2265,"Aromatic"
323.062,"Lignin-like"
339.0569,"Lignin-like"
325.0776,"Carbohydrate-like"
327.0933,"Carbohydrate-like"
375.0603,"Carbohydrate-like"
391.0552,"Carbohydrate-like"
319.0671,"Lignin-like"
335.062,"Lignin-like"
367.0518,"Lignin-like"
337.0776,"Carbohydrate-like"
353.0725,"Carbohydrate-like"
387.0603,"Carbohydrate-like"
371.0831,"Carbohydrate-like"
403.0552,"Carbohydrate-like"
419.0501,"Carbohydrate-like"
325.114,"Carbohydrate-like"
357.1038,"Carbohydrate-like"
389.0759,"Carbohydrate-like"
405.0708,"Carbohydrate-like"
345.0463,"Lignin-like"
361.0412,"Lignin-like"
331.0671,"Lignin-like"
347.062,"Lignin-like"
363.0569,"Lignin-like"
379.0518,"Lignin-like"
333.0827,"Lignin-like"
349.0776,"Lignin-like"
381.0675,"Lignin-like"
397.0624,"Lignin-like"
335.0984,"Carbohydrate-like"
351.0933,"Carbohydrate-like"
367.0882,"Carbohydrate-like"
399.078,"Carbohydrate-like"
366.1042,"Carbohydrate-like"
369.1038,"Carbohydrate-like"
401.0759,"Carbohydrate-like"
385.0988,"Carbohydrate-like"
417.0708,"Carbohydrate-like"
433.0657,"Carbohydrate-like"
339.1297,"Carbohydrate-like"
355.1246,"Carbohydrate-like"
371.1195,"Carbohydrate-like"
419.0865,"Carbohydrate-like"
371.0256,"Lignin-like"
389.0362,"Lignin-like"
375.0569,"Lignin-like"
391.0518,"Lignin-like"
361.0776,"Lignin-like"
377.0725,"Lignin-like"
393.0675,"Lignin-like"
376.0885,"Lignin-like"
379.0882,"Lignin-like"
395.0831,"Lignin-like"
411.078,"Lignin-like"
362.1093,"Carbohydrate-like"
378.1042,"Carbohydrate-like"
394.0991,"Carbohydrate-like"
374.1205,"Carbohydrate-like"
349.114,"Carbohydrate-like"
413.0937,"Carbohydrate-like"
361.1253,"Carbohydrate-like"
377.1202,"Carbohydrate-like"
380.1198,"Carbohydrate-like"
396.1147,"Carbohydrate-like"
360.1412,"Aliphatic+N"
399.1144,"Carbohydrate-like"
431.0865,"Carbohydrate-like"
415.1093,"Carbohydrate-like"
447.0814,"Carbohydrate-like"
382.1355,"Carbohydrate-like"
398.1304,"Carbohydrate-like"
369.1402,"Carbohydrate-like"
385.1351,"Carbohydrate-like"
401.0362,"Lignin-like"
405.0675,"Lignin-like"
407.0831,"Lignin-like"
423.078,"Lignin-like"
370.1256,"Lignin-like"
386.1205,"Lignin-like"
425.0937,"Lignin-like"
441.0886,"Lignin-like"
389.1202,"Lignin-like"
405.1151,"Lignin-like"
392.1198,"Carbohydrate-like"
408.1147,"Carbohydrate-like"
424.1097,"Carbohydrate-like"
388.1362,"Carbohydrate-like"
443.1042,"Carbohydrate-like"
375.1409,"Carbohydrate-like"
407.1307,"Carbohydrate-like"
394.1355,"Carbohydrate-like"
410.1304,"Carbohydrate-like"
426.1253,"Carbohydrate-like"
376.1725,"Aliphatic+N"
429.0311,"Lignin-like"
431.0467,"Lignin-like"
433.0624,"Lignin-like"
419.0831,"Lignin-like"
435.078,"Lignin-like"
421.0988,"Lignin-like"
437.0937,"Lignin-like"
453.0886,"Lignin-like"
469.0835,"Lignin-like"
455.1042,"Carbohydrate-like"
471.0992,"Carbohydrate-like"
419.1307,"Carbohydrate-like"
435.1256,"Carbohydrate-like"
415.1471,"Aliphatic+N"
422.1304,"Carbohydrate-like"
438.1253,"Carbohydrate-like"
418.1467,"Carbohydrate-like"
457.1199,"Carbohydrate-like"
473.1148,"Carbohydrate-like"
437.1413,"Carbohydrate-like"
417.1627,"Aliphatic+N"
424.146,"Carbohydrate-like"
404.1675,"Aliphatic+N"
443.1406,"Carbohydrate-like"
459.1355,"Carbohydrate-like"
439.1569,"Carbohydrate-like"
390.1882,"Aliphatic+N"
443.0467,"Lignin-like"
445.0624,"Lignin-like"
461.0573,"Lignin-like"
447.078,"Lignin-like"
449.0937,"Lignin-like"
465.0886,"Lignin-like"
481.0835,"Lignin-like"
451.1093,"Lignin-like"
467.1042,"Lignin-like"
483.0992,"Lignin-like"
499.0941,"Lignin-like"
414.1518,"Lignin-like"
485.1148,"Carbohydrate-like"
501.1097,"Carbohydrate-like"
429.1627,"Aliphatic+N"
452.141,"Carbohydrate-like"
468.1359,"Carbohydrate-like"
432.1624,"Aliphatic+N"
407.1559,"Carbohydrate-like"
487.1305,"Carbohydrate-like"
503.1254,"Carbohydrate-like"
418.1831,"Aliphatic+N"
473.1512,"Carbohydrate-like"
489.1461,"Carbohydrate-like"
404.2038,"Aliphatic+N"
471.0416,"Lignin-like"
473.0573,"Lignin-like"
475.0729,"Lignin-like"
477.0886,"Lignin-like"
495.0992,"Lignin-like"
511.0941,"Lignin-like"
529.1046,"Lignin-like"
451.1457,"Carbohydrate-like"
531.1203,"Carbohydrate-like"
482.1515,"Carbohydrate-like"
498.1464,"Carbohydrate-like"
533.1359,"Carbohydrate-like"
487.1668,"Carbohydrate-like"
519.1567,"Carbohydrate-like"
483.0416,"Lignin-like"
489.0886,"Lignin-like"
475.1093,"Lignin-like"
493.1199,"Lignin-like"
509.1148,"Lignin-like"
525.1097,"Lignin-like"
463.1457,"Lignin-like"
527.1254,"Lignin-like"
543.1203,"Lignin-like"
433.1715,"Aliphatic-noN"
449.1664,"Carbohydrate-like"
545.1359,"Carbohydrate-like"
473.1889,"Aliphatic+N"
512.1621,"Carbohydrate-like"
528.157,"Carbohydrate-like"
531.1567,"Carbohydrate-like"
547.1516,"Carbohydrate-like"
501.1825,"Carbohydrate-like"
517.1774,"Carbohydrate-like"
533.1723,"Carbohydrate-like"
515.0679,"Lignin-like"
501.0886,"Lignin-like"
489.125,"Lignin-like"
507.1355,"Lignin-like"
523.1305,"Lignin-like"
571.1152,"Lignin-like"
461.1664,"Carbohydrate-like"
477.1614,"Carbohydrate-like"
557.1359,"Carbohydrate-like"
540.157,"Carbohydrate-like"
556.1519,"Carbohydrate-like"
463.1821,"Carbohydrate-like"
575.1465,"Carbohydrate-like"
542.1727,"Carbohydrate-like"
558.1676,"Carbohydrate-like"
515.1042,"Lignin-like"
501.125,"Lignin-like"
489.1614,"Lignin-like"
553.141,"Lignin-like"
569.1359,"Lignin-like"
585.1309,"Lignin-like"
475.1821,"Aliphatic-noN"
491.177,"Carbohydrate-like"
539.1618,"Carbohydrate-like"
603.1414,"Carbohydrate-like"
477.1977,"Aliphatic-noN"
605.1571,"Carbohydrate-like"
575.1829,"Carbohydrate-like"
591.1778,"Carbohydrate-like"
515.1406,"Lignin-like"
501.1614,"Lignin-like"
581.1359,"Lignin-like"
567.1567,"Lignin-like"
583.1516,"Lignin-like"
615.1414,"Lignin-like"
617.1571,"Carbohydrate-like"
633.152,"Carbohydrate-like"
619.1727,"Carbohydrate-like"
635.1676,"Carbohydrate-like"
621.1884,"Carbohydrate-like"
336.3272,"Aliphatic+N"
513.1614,"Lignin-like"
529.1563,"Lignin-like"
515.177,"Lignin-like"
627.1414,"Lignin-like"
613.1622,"Lignin-like"
629.1571,"Lignin-like"
645.152,"Lignin-like"
631.1727,"Carbohydrate-like"
647.1676,"Carbohydrate-like"
663.1625,"Carbohydrate-like"
649.1833,"Carbohydrate-like"
651.1989,"Carbohydrate-like"
541.1563,"Lignin-like"
529.1927,"Lignin-like"
641.1571,"Lignin-like"
657.152,"Lignin-like"
673.1469,"Lignin-like"
693.1731,"Carbohydrate-like"
695.1888,"Carbohydrate-like"
681.2095,"Carbohydrate-like"
557.1876,"Lignin-like"
673.1833,"Carbohydrate-like"
689.1782,"Carbohydrate-like"
705.1731,"Carbohydrate-like"
643.2091,"Carbohydrate-like"
691.1938,"Carbohydrate-like"
707.1888,"Carbohydrate-like"
693.2095,"Carbohydrate-like"
457.3171,"Aliphatic-noN"
671.204,"Carbohydrate-like"
719.1888,"Carbohydrate-like"
705.2095,"Carbohydrate-like"
721.2044,"Carbohydrate-like"
733.2044,"Carbohydrate-like"
421.0659,"Condensed Ar"
435.0815,"Condensed Ar"
321.0463,"Lignin-like"
307.0671,"Lignin-like"
309.0827,"Carbohydrate-like"
341.0725,"Carbohydrate-like"
373.0446,"Carbohydrate-like"
389.0395,"Carbohydrate-like"
331.0307,"Lignin-like"
333.0463,"Lignin-like"
303.0722,"Lignin-like"
336.0936,"Carbohydrate-like"
352.0885,"Carbohydrate-like"
325.0201,"Lignin-like"
343.0307,"Lignin-like"
359.0256,"Lignin-like"
313.0565,"Lignin-like"
317.0878,"Lignin-like"
364.0885,"Lignin-like"
380.0834,"Lignin-like"
344.1099,"Lignin-like"
319.1035,"Carbohydrate-like"
347.1096,"Carbohydrate-like"
350.1093,"Carbohydrate-like"
382.0991,"Carbohydrate-like"
330.1307,"Aliphatic+N"
449.0607,"Carbohydrate-like"
368.1198,"Carbohydrate-like"
387.1144,"Carbohydrate-like"
369.0099,"Lignin-like"
387.0205,"Lignin-like"
309.0616,"Lignin-like"
409.0624,"Lignin-like"
373.0889,"Lignin-like"
360.0936,"Lignin-like"
392.0834,"Lignin-like"
356.1099,"Lignin-like"
372.1049,"Lignin-like"
343.1147,"Lignin-like"
359.1096,"Lignin-like"
375.1045,"Lignin-like"
410.094,"Carbohydrate-like"
317.1242,"Aliphatic-noN"
393.1151,"Carbohydrate-like"
373.1365,"Aliphatic+N"
412.1097,"Carbohydrate-like"
376.1362,"Carbohydrate-like"
335.1348,"Carbohydrate-like"
463.0763,"Carbohydrate-like"
446.0974,"Carbohydrate-like"
353.1453,"Carbohydrate-like"
397.0049,"Aromatic"
417.0311,"Lignin-like"
368.0623,"Lignin-like"
419.0467,"Lignin-like"
370.078,"Lignin-like"
386.0729,"Lignin-like"
369.094,"Lignin-like"
356.0987,"Lignin-like"
372.0936,"Lignin-like"
388.0885,"Lignin-like"
439.0729,"Lignin-like"
371.1096,"Lignin-like"
374.1093,"Lignin-like"
390.1042,"Lignin-like"
406.0991,"Lignin-like"
402.1154,"Lignin-like"
357.1303,"Lignin-like"
373.1253,"Lignin-like"
369.1416,"Lignin-like"
401.1314,"Lignin-like"
376.1249,"Carbohydrate-like"
404.1311,"Carbohydrate-like"
391.1358,"Carbohydrate-like"
423.1256,"Carbohydrate-like"
403.1471,"Carbohydrate-like"
390.1518,"Carbohydrate-like"
389.1678,"Aliphatic+N"
396.1511,"Carbohydrate-like"
362.1933,"Aliphatic+N"
427.0154,"Lignin-like"
396.0572,"Lignin-like"
398.0729,"Lignin-like"
414.0678,"Lignin-like"
400.0885,"Lignin-like"
451.0729,"Lignin-like"
370.1144,"Lignin-like"
386.1093,"Lignin-like"
402.1042,"Lignin-like"
382.1256,"Lignin-like"
398.1205,"Lignin-like"
385.1253,"Lignin-like"
401.1202,"Lignin-like"
417.1151,"Lignin-like"
433.11,"Lignin-like"
404.1198,"Lignin-like"
420.1147,"Lignin-like"
436.1097,"Lignin-like"
416.1311,"Lignin-like"
406.1355,"Carbohydrate-like"
454.1202,"Carbohydrate-like"
421.1464,"Carbohydrate-like"
408.1511,"Carbohydrate-like"
440.141,"Carbohydrate-like"
420.1624,"Carbohydrate-like"
407.1671,"Carbohydrate-like"
374.1933,"Aliphatic+N"
439.0154,"Lignin-like"
459.0416,"Lignin-like"
412.0885,"Lignin-like"
463.0729,"Lignin-like"
412.1362,"Lignin-like"
450.1253,"Lignin-like"
466.1202,"Lignin-like"
430.1467,"Lignin-like"
433.1464,"Carbohydrate-like"
445.1576,"Aliphatic+N"
484.1308,"Carbohydrate-like"
451.1569,"Carbohydrate-like"
438.1617,"Carbohydrate-like"
454.1566,"Carbohydrate-like"
433.194,"Aliphatic+N"
469.026,"Lignin-like"
489.0522,"Lignin-like"
412.1249,"Lignin-like"
480.1359,"Carbohydrate-like"
496.1308,"Carbohydrate-like"
428.1675,"Aliphatic+N"
460.1573,"Carbohydrate-like"
479.1519,"Carbohydrate-like"
459.1733,"Aliphatic+N"
466.1566,"Carbohydrate-like"
514.1414,"Carbohydrate-like"
446.178,"Aliphatic+N"
462.1729,"Carbohydrate-like"
447.2097,"Aliphatic+N"
481.026,"Lignin-like"
499.0366,"Lignin-like"
501.0522,"Lignin-like"
503.0679,"Lignin-like"
491.1042,"Lignin-like"
557.0996,"Lignin-like"
494.1515,"Carbohydrate-like"
510.1464,"Carbohydrate-like"
526.1414,"Carbohydrate-like"
490.1678,"Carbohydrate-like"
561.1309,"Carbohydrate-like"
496.1672,"Carbohydrate-like"
511.0366,"Lignin-like"
513.0522,"Lignin-like"
517.0835,"Lignin-like"
503.1042,"Lignin-like"
505.1199,"Lignin-like"
521.1148,"Lignin-like"
537.1097,"Lignin-like"
491.1406,"Lignin-like"
538.1414,"Lignin-like"
524.1621,"Carbohydrate-like"
572.1468,"Carbohydrate-like"
487.2046,"Aliphatic+N"
526.1777,"Carbohydrate-like"
577.1622,"Carbohydrate-like"
499.2032,"Carbohydrate-like"
531.1931,"Carbohydrate-like"
525.0522,"Lignin-like"
543.0628,"Lignin-like"
529.0835,"Lignin-like"
339.1602,"Lignin-like"
531.0992,"Lignin-like"
517.1199,"Lignin-like"
503.1406,"Lignin-like"
519.1355,"Lignin-like"
505.1563,"Lignin-like"
521.1512,"Lignin-like"
537.1461,"Lignin-like"
601.1258,"Lignin-like"
507.1719,"Carbohydrate-like"
570.1676,"Carbohydrate-like"
493.1927,"Carbohydrate-like"
556.1883,"Carbohydrate-like"
572.1832,"Carbohydrate-like"
555.0628,"Lignin-like"
541.0835,"Lignin-like"
557.0784,"Lignin-like"
529.1199,"Lignin-like"
545.1148,"Lignin-like"
531.1355,"Lignin-like"
517.1563,"Lignin-like"
631.1363,"Lignin-like"
505.1927,"Aliphatic-noN"
553.1774,"Carbohydrate-like"
589.1985,"Carbohydrate-like"
605.1935,"Carbohydrate-like"
369.301,"Aliphatic-noN"
339.3269,"Aliphatic-noN"
569.0784,"Lignin-like"
555.0992,"Lignin-like"
571.0941,"Lignin-like"
557.1148,"Lignin-like"
543.1355,"Lignin-like"
531.1719,"Lignin-like"
611.1465,"Lignin-like"
517.1927,"Lignin-like"
661.1469,"Lignin-like"
665.1782,"Carbohydrate-like"
619.2091,"Carbohydrate-like"
635.204,"Carbohydrate-like"
353.3425,"Aliphatic-noN"
567.0992,"Lignin-like"
555.1355,"Lignin-like"
543.1719,"Lignin-like"
559.1668,"Lignin-like"
545.1876,"Lignin-like"
547.2032,"Aliphatic-noN"
611.1829,"Carbohydrate-like"
640.2207,"Carbohydrate-like"
642.2363,"Carbohydrate-like"
397.3323,"Aliphatic-noN"
567.1355,"Lignin-like"
543.2083,"Lignin-like"
559.2032,"Lignin-like"
671.1676,"Lignin-like"
627.2142,"Carbohydrate-like"
709.2044,"Carbohydrate-like"
631.2455,"Carbohydrate-like"
585.1825,"Lignin-like"
571.2032,"Lignin-like"
573.2189,"Lignin-like"
685.1833,"Lignin-like"
701.1782,"Lignin-like"
737.1993,"Carbohydrate-like"
707.2251,"Carbohydrate-like"
723.2201,"Carbohydrate-like"
581.1876,"Lignin-like"
597.1825,"Lignin-like"
585.2189,"Lignin-like"
717.2095,"Carbohydrate-like"
719.2251,"Carbohydrate-like"
460.2047,"Lignin-like"
599.2345,"Lignin-like"
745.2044,"Carbohydrate-like"
761.1993,"Carbohydrate-like"
763.215,"Carbohydrate-like"
777.2306,"Carbohydrate-like"
502.2153,"Lignin-like"
514.2153,"Lignin-like"
532.2258,"Lignin-like"
565.1081,"Condensed Ar"
371.0654,"Carbohydrate-like"
348.0936,"Lignin-like"
328.115,"Lignin-like"
353.0912,"Carbohydrate-like"
369.0861,"Carbohydrate-like"
385.081,"Carbohydrate-like"
329.1467,"Aliphatic+N"
339.1119,"Carbohydrate-like"
355.1068,"Carbohydrate-like"
340.115,"Lignin-like"
299.1136,"Lignin-like"
326.1358,"Aliphatic+N"
301.1293,"Aliphatic-noN"
365.0912,"Carbohydrate-like"
341.1467,"Aliphatic+N"
348.13,"Carbohydrate-like"
319.1398,"Aliphatic-noN"
351.1119,"Aliphatic-noN"
367.1068,"Carbohydrate-like"
383.1017,"Carbohydrate-like"
399.0967,"Carbohydrate-like"
415.0916,"Carbohydrate-like"
363.1409,"Carbohydrate-like"
343.1623,"Aliphatic+N"
401.1123,"Carbohydrate-like"
332.1827,"Aliphatic+N"
355.1432,"Aliphatic-noN"
293.1792,"Aliphatic-noN"
295.1187,"Lignin-like"
400.1474,"Aliphatic+N"
432.1195,"Aliphatic+N"
379.1068,"Carbohydrate-like"
395.1017,"Carbohydrate-like"
362.1457,"Carbohydrate-like"
378.1406,"Carbohydrate-like"
386.1681,"Aliphatic+N"
402.163,"Aliphatic+N"
301.1657,"Aliphatic-noN"
365.1276,"Aliphatic-noN"
381.1225,"Carbohydrate-like"
397.1174,"Carbohydrate-like"
413.1123,"Carbohydrate-like"
445.1021,"Carbohydrate-like"
415.128,"Carbohydrate-like"
346.1984,"Aliphatic+N"
353.1639,"Aliphatic-noN"
369.1589,"Aliphatic-noN"
307.1187,"Lignin-like"
371.146,"Aliphatic+N"
390.1406,"Carbohydrate-like"
398.1681,"Aliphatic+N"
414.163,"Aliphatic+N"
373.1616,"Aliphatic+N"
392.1562,"Carbohydrate-like"
400.1838,"Aliphatic+N"
416.1787,"Aliphatic+N"
395.1381,"Aliphatic-noN"
427.128,"Carbohydrate-like"
474.1287,"Carbohydrate-like"
342.2034,"Aliphatic+N"
360.214,"Aliphatic+N"
411.1521,"Lignin-like"
389.1276,"Aliphatic-noN"
381.178,"Aliphatic+N"
436.146,"Carbohydrate-like"
391.1432,"Aliphatic-noN"
422.1668,"Carbohydrate-like"
388.2089,"Aliphatic+N"
379.1974,"Aliphatic-noN"
358.2347,"Aliphatic+N"
367.216,"Aliphatic-noN"
425.1678,"Lignin-like"
440.1787,"Aliphatic+N"
355.1585,"Aliphatic-noN"
371.1534,"Aliphatic-noN"
341.1792,"Aliphatic-noN"
370.2347,"Aliphatic+N"
386.2297,"Aliphatic+N"
281.2486,"Aliphatic-noN"
442.1831,"Aliphatic+N"
454.1943,"Aliphatic+N"
369.1741,"Aliphatic-noN"
493.1675,"Carbohydrate-like"
385.1785,"Aliphatic-noN"
480.1723,"Carbohydrate-like"
421.2079,"Aliphatic-noN"
426.2246,"Aliphatic+N"
465.1977,"Carbohydrate-like"
435.2236,"Aliphatic-noN"
515.1981,"Carbohydrate-like"
467.2147,"Aliphatic+N"
540.1934,"Carbohydrate-like"
439.2562,"Aliphatic+N"
513.2189,"Carbohydrate-like"
529.2138,"Carbohydrate-like"
473.2617,"Aliphatic+N"
523.2032,"Carbohydrate-like"
570.204,"Carbohydrate-like"
525.2189,"Carbohydrate-like"
500.2726,"Aliphatic+N"
399.2752,"Aliphatic-noN"
527.2345,"Carbohydrate-like"
581.1723,"Lignin-like"
505.229,"Aliphatic-noN"
555.2294,"Carbohydrate-like"
622.2101,"Carbohydrate-like"
581.2087,"Carbohydrate-like"
611.2193,"Carbohydrate-like"
613.2349,"Carbohydrate-like"
430.1578,"Aromatic"
627.2506,"Carbohydrate-like"
645.2611,"Carbohydrate-like"
444.1734,"Aromatic"
671.2404,"Carbohydrate-like"
703.2302,"Carbohydrate-like"
433.3323,"Aliphatic-noN"
657.2611,"Carbohydrate-like"
673.2561,"Carbohydrate-like"
689.251,"Carbohydrate-like"
456.1734,"Aromatic"
585.2553,"Aliphatic-noN"
715.2302,"Carbohydrate-like"
731.2251,"Carbohydrate-like"
470.1891,"Aromatic"
488.1996,"Lignin-like"
599.2709,"Aliphatic-noN"
611.2709,"Lignin-like"
787.215,"Lignin-like"
516.2309,"Lignin-like"
502.2517,"Lignin-like"
530.2466,"Lignin-like"
516.2673,"Lignin-like"
544.2622,"Lignin-like"
461.0972,"Condensed Ar"
475.1128,"Condensed Ar"
533.1183,"Condensed Ar"
561.1496,"Condensed Ar"
390.1266,"Carbohydrate-like"
316.1514,"Aliphatic+N"
307.1398,"Carbohydrate-like"
349.1646,"Aliphatic+N"
351.1803,"Aliphatic+N"
307.0459,"Lignin-like"
317.1064,"Aliphatic-noN"
378.134,"Aliphatic+N"
321.1555,"Aliphatic-noN"
380.1497,"Aliphatic+N"
323.1534,"Aliphatic-noN"
349.201,"Aliphatic+N"
317.0303,"Aromatic"
307.0823,"Lignin-like"
375.0755,"Lignin-like"
393.0861,"Lignin-like"
363.1119,"Aliphatic-noN"
381.132,"Carbohydrate-like"
392.1497,"Aliphatic+N"
319.1762,"Aliphatic-noN"
351.1661,"Carbohydrate-like"
367.1527,"Aliphatic-noN"
378.1704,"Aliphatic+N"
401.1487,"Carbohydrate-like"
315.051,"Aromatic"
366.1307,"Lignin-like"
393.1225,"Aliphatic-noN"
409.1174,"Carbohydrate-like"
299.1864,"Aliphatic-noN"
301.202,"Aliphatic-noN"
287.2228,"Aliphatic-noN"
303.2177,"Aliphatic-noN"
335.2075,"Aliphatic-noN"
415.1643,"Carbohydrate-like"
315.0874,"Lignin-like"
317.1031,"Lignin-like"
345.1092,"Lignin-like"
393.0857,"Lignin-like"
382.1144,"Lignin-like"
354.1558,"Lignin-like"
293.1758,"Aliphatic-noN"
373.1326,"Aliphatic-noN"
407.1381,"Aliphatic-noN"
313.202,"Aliphatic-noN"
393.1589,"Aliphatic-noN"
405.1346,"Aliphatic+N"
395.1745,"Aliphatic-noN"
411.1872,"Carbohydrate-like"
397.1902,"Aliphatic-noN"
367.0096,"Condensed Ar"
315.1238,"Lignin-like"
375.1198,"Lignin-like"
381.1312,"Lignin-like"
311.2228,"Aliphatic-noN"
407.1745,"Aliphatic-noN"
423.1789,"Aliphatic-noN"
425.1851,"Aliphatic-noN"
410.2218,"Aliphatic+N"
351.051,"Condensed Ar"
339.0874,"Aromatic"
434.0729,"Lignin-like"
387.1115,"Aromatic"
392.1351,"Lignin-like"
389.1272,"Lignin-like"
315.1602,"Lignin-like"
391.1428,"Lignin-like"
317.1758,"Lignin-like"
530.1294,"Lignin-like"
319.1915,"Lignin-like"
426.1882,"Aliphatic+N"
321.2071,"Aliphatic-noN"
417.1684,"Aliphatic-noN"
563.1383,"Carbohydrate-like"
437.1851,"Aliphatic-noN"
581.1488,"Carbohydrate-like"
361.2596,"Aliphatic-noN"
315.1966,"Lignin-like"
335.2228,"Aliphatic-noN"
495.1637,"Carbohydrate-like"
481.1844,"Aliphatic-noN"
497.1793,"Carbohydrate-like"
451.2185,"Aliphatic-noN"
467.2134,"Carbohydrate-like"
483.2001,"Aliphatic-noN"
499.195,"Carbohydrate-like"
437.2215,"Aliphatic-noN"
421.2443,"Aliphatic-noN"
407.265,"Aliphatic-noN"
343.1915,"Lignin-like"
418.1984,"Lignin-like"
434.1933,"Lignin-like"
345.2071,"Lignin-like"
347.2228,"Aliphatic-noN"
465.2341,"Aliphatic-noN"
481.229,"Aliphatic-noN"
497.224,"Carbohydrate-like"
387.2752,"Aliphatic-noN"
389.2909,"Aliphatic-noN"
519.0416,"Aromatic"
482.1668,"Lignin-like"
507.1906,"Aliphatic-noN"
463.2549,"Aliphatic-noN"
479.2498,"Aliphatic-noN"
511.2396,"Aliphatic-noN"
417.2858,"Aliphatic-noN"
449.2756,"Aliphatic-noN"
465.2705,"Aliphatic-noN"
423.1085,"Aromatic"
496.1824,"Lignin-like"
483.1815,"Aliphatic+N"
393.2646,"Aliphatic-noN"
507.2447,"Aliphatic-noN"
461.2756,"Aliphatic-noN"
477.2705,"Aliphatic-noN"
637.2114,"Carbohydrate-like"
511.0518,"Aromatic"
455.0915,"Condensed Ar"
449.0878,"Aromatic"
451.1035,"Aromatic"
437.1242,"Lignin-like"
565.0835,"Lignin-like"
551.1042,"Lignin-like"
405.2646,"Aliphatic-noN"
423.2752,"Aliphatic-noN"
519.2447,"Aliphatic-noN"
535.2396,"Aliphatic-noN"
457.2807,"Aliphatic-noN"
521.2603,"Aliphatic-noN"
553.2502,"Aliphatic-noN"
443.3014,"Aliphatic-noN"
459.2963,"Aliphatic-noN"
491.2862,"Aliphatic-noN"
507.2811,"Aliphatic-noN"
539.2709,"Aliphatic-noN"
541.0624,"Aromatic"
481.114,"Lignin-like"
579.0992,"Lignin-like"
717.1367,"Lignin-like"
533.2603,"Aliphatic-noN"
535.276,"Aliphatic-noN"
505.3018,"Aliphatic-noN"
495.1297,"Lignin-like"
591.0992,"Lignin-like"
593.1148,"Lignin-like"
528.1511,"Lignin-like"
579.1355,"Lignin-like"
559.2396,"Aliphatic-noN"
449.2909,"Aliphatic-noN"
561.2553,"Aliphatic-noN"
563.2709,"Aliphatic-noN"
501.3069,"Aliphatic-noN"
549.2916,"Aliphatic-noN"
555.1144,"Lignin-like"
571.1093,"Lignin-like"
527.1559,"Lignin-like"
593.1512,"Lignin-like"
497.312,"Aliphatic-noN"
561.2916,"Aliphatic-noN"
547.3124,"Aliphatic-noN"
563.3073,"Aliphatic-noN"
587.2709,"Aliphatic-noN"
543.3175,"Aliphatic-noN"
559.3124,"Aliphatic-noN"
583.1457,"Lignin-like"
569.1664,"Lignin-like"
473.1887,"Lignin-like"
523.3276,"Aliphatic-noN"
603.3022,"Aliphatic-noN"
585.328,"Aliphatic-noN"
809.2568,"Carbohydrate-like"
627.3022,"Aliphatic-noN"
597.328,"Aliphatic-noN"
613.3229,"Aliphatic-noN"
629.3179,"Aliphatic-noN"
599.3437,"Aliphatic-noN"
657.3128,"Aliphatic-noN"
659.3284,"Aliphatic-noN"
661.3441,"Aliphatic-noN"
585.4008,"Aliphatic-noN"
375.1037,"Aliphatic-noN"
401.0937,"Carbohydrate-like"
399.1508,"Carbohydrate-like"
404.1068,"Aliphatic+N"
NA,NA
397.1715,"Carbohydrate-like"
297.0827,"Carbohydrate-like"
311.0984,"Carbohydrate-like"
317.0514,"Lignin-like"
349.0412,"Lignin-like"
373.0988,"Carbohydrate-like"
321.1191,"Carbohydrate-like"
401.1301,"Carbohydrate-like"
434.1173,"Aliphatic+N"
461.097,"Carbohydrate-like"
412.146,"Carbohydrate-like"
383.1559,"Carbohydrate-like"
383.1923,"Carbohydrate-like"
395.1014,"Lignin-like"
403.0986,"Lignin-like"
470.1515,"Carbohydrate-like"
461.1889,"Aliphatic+N"
535.1516,"Carbohydrate-like"
437.2028,"Aliphatic-noN"
549.1672,"Carbohydrate-like"
368.0962,"Aromatic"
547.188,"Carbohydrate-like"
545.2087,"Carbohydrate-like"
561.2036,"Carbohydrate-like"
410.1068,"Aromatic"
428.1173,"Lignin-like"
519.1719,"Lignin-like"
521.1876,"Carbohydrate-like"
519.2083,"Aliphatic-noN"
649.2197,"Carbohydrate-like"
687.1625,"Lignin-like"
545.224,"Aliphatic-noN"
663.2353,"Carbohydrate-like"
749.1993,"Carbohydrate-like"
765.2306,"Carbohydrate-like"
781.2255,"Carbohydrate-like"
823.2361,"Carbohydrate-like"
449.0972,"Condensed Ar"
381.1545,"Aliphatic+N"
297.098,"Lignin-like"
303.1449,"Aliphatic-noN"
337.1504,"Carbohydrate-like"
365.1959,"Aliphatic+N"
381.1908,"Aliphatic+N"
338.1358,"Lignin-like"
281.1394,"Lignin-like"
303.1813,"Aliphatic-noN"
307.1949,"Aliphatic-noN"
295.1551,"Aliphatic-noN"
425.1123,"Carbohydrate-like"
397.1538,"Aliphatic-noN"
255.233,"Aliphatic-noN"
351.2024,"Aliphatic-noN"
321.2105,"Aliphatic-noN"
387.1119,"Lignin-like"
403.1068,"Lignin-like"
375.1483,"Aliphatic-noN"
339.1636,"Aliphatic-noN"
399.124,"Aliphatic+N"
506.1385,"Aliphatic+N"
357.1741,"Aliphatic-noN"
405.1589,"Aliphatic-noN"
437.1487,"Aliphatic-noN"
439.1643,"Aliphatic-noN"
405.1221,"Lignin-like"
421.117,"Lignin-like"
444.1988,"Aliphatic+N"
313.1809,"Lignin-like"
337.2384,"Aliphatic-noN"
339.2541,"Aliphatic-noN"
483.2083,"Carbohydrate-like"
437.2392,"Aliphatic-noN"
369.2646,"Aliphatic-noN"
325.3112,"Aliphatic-noN"
355.1915,"Lignin-like"
537.1825,"Carbohydrate-like"
381.2646,"Aliphatic-noN"
367.2854,"Aliphatic-noN"
383.2803,"Aliphatic-noN"
481.2654,"Aliphatic-noN"
521.224,"Aliphatic-noN"
537.2189,"Carbohydrate-like"
553.2138,"Carbohydrate-like"
523.2396,"Aliphatic-noN"
539.2345,"Carbohydrate-like"
493.2654,"Aliphatic-noN"
541.2502,"Carbohydrate-like"
383.3167,"Aliphatic-noN"
495.2811,"Aliphatic-noN"
533.224,"Aliphatic-noN"
551.2345,"Aliphatic-noN"
567.2294,"Carbohydrate-like"
569.2451,"Carbohydrate-like"
585.24,"Carbohydrate-like"
555.2658,"Aliphatic-noN"
513.3103,"Aliphatic-noN"
547.2396,"Aliphatic-noN"
549.2553,"Aliphatic-noN"
551.2709,"Aliphatic-noN"
489.3069,"Aliphatic-noN"
539.3073,"Aliphatic-noN"
575.2345,"Aliphatic-noN"
577.2502,"Aliphatic-noN"
579.2658,"Aliphatic-noN"
617.3026,"Carbohydrate-like"
715.1938,"Lignin-like"
589.2502,"Aliphatic-noN"
575.2709,"Aliphatic-noN"
591.2658,"Aliphatic-noN"
577.2866,"Aliphatic-noN"
641.2662,"Carbohydrate-like"
705.2459,"Carbohydrate-like"
659.2768,"Carbohydrate-like"
601.2502,"Aliphatic-noN"
603.2658,"Aliphatic-noN"
589.2866,"Aliphatic-noN"
605.2815,"Aliphatic-noN"
717.2459,"Carbohydrate-like"
671.2768,"Carbohydrate-like"
609.2189,"Lignin-like"
613.2502,"Lignin-like"
587.3073,"Aliphatic-noN"
613.2866,"Aliphatic-noN"
601.3229,"Aliphatic-noN"
513.3222,"Lignin-like"
625.2866,"Lignin-like"
641.2815,"Lignin-like"
643.2971,"Aliphatic-noN"
639.3022,"Aliphatic-noN"
583.3852,"Aliphatic-noN"
477.1285,"Condensed Ar"
